course,day,start_time,end_time,hours
CSC 0102,Monday,7:00 AM,10:00 AM,3
CSC 0102,Monday,10:00 AM,1:00 PM,3
CSC 0102,Monday,1:00 PM,4:00 PM,3
CSC 0102,Monday,4:00 PM,7:00 PM,3
CSC 0102,Tuesday,7:00 AM,10:00 AM,3
CSC 0102,Tuesday,10:00 AM,1:00 PM,3
CSC 0102,Tuesday,1:00 PM,4:00 PM,3
CSC 0102,Tuesday,4:00 PM,7:00 PM,3
CSC 0102,Wednesday,7:00 AM,10:00 AM,3
CSC 0102,Wednesday,10:00 AM,1:00 PM,3
CSC 0102,Wednesday,1:00 PM,4:00 PM,3
CSC 0102,Wednesday,4:00 PM,7:00 PM,3
CSC 0102,Thursday,7:00 AM,10:00 AM,3
CSC 0102,Thursday,10:00 AM,1:00 PM,3
CSC 0102,Thursday,1:00 PM,4:00 PM,3
CSC 0102,Thursday,4:00 PM,7:00 PM,3
CSC 0102,Friday,7:00 AM,10:00 AM,3
CSC 0102,Friday,10:00 AM,1:00 PM,3
CSC 0102,Friday,1:00 PM,4:00 PM,3
CSC 0102,Friday,4:00 PM,7:00 PM,3
CSC 0102,Saturday,7:00 AM,10:00 AM,3
CSC 0102,Saturday,10:00 AM,1:00 PM,3
CSC 0102,Saturday,1:00 PM,4:00 PM,3
CSC 0102,Saturday,4:00 PM,7:00 PM,3
CSC 0211,Monday,7:00 AM,10:00 AM,3
CSC 0211,Monday,10:00 AM,1:00 PM,3
CSC 0211,Monday,1:00 PM,4:00 PM,3
CSC 0211,Monday,4:00 PM,7:00 PM,3
CSC 0211,Tuesday,7:00 AM,10:00 AM,3
CSC 0211,Tuesday,10:00 AM,1:00 PM,3
CSC 0211,Tuesday,1:00 PM,4:00 PM,3
CSC 0211,Tuesday,4:00 PM,7:00 PM,3
CSC 0211,Wednesday,7:00 AM,10:00 AM,3
CSC 0211,Wednesday,10:00 AM,1:00 PM,3
CSC 0211,Wednesday,1:00 PM,4:00 PM,3
CSC 0211,Wednesday,4:00 PM,7:00 PM,3
CSC 0211,Thursday,7:00 AM,10:00 AM,3
CSC 0211,Thursday,10:00 AM,1:00 PM,3
CSC 0211,Thursday,1:00 PM,4:00 PM,3
CSC 0211,Thursday,4:00 PM,7:00 PM,3
CSC 0211,Friday,7:00 AM,10:00 AM,3
CSC 0211,Friday,10:00 AM,1:00 PM,3
CSC 0211,Friday,1:00 PM,4:00 PM,3
CSC 0211,Friday,4:00 PM,7:00 PM,3
CSC 0211,Saturday,7:00 AM,10:00 AM,3
CSC 0211,Saturday,10:00 AM,1:00 PM,3
CSC 0211,Saturday,1:00 PM,4:00 PM,3
CSC 0211,Saturday,4:00 PM,7:00 PM,3
CSC 0212,Monday,7:00 AM,9:00 AM,2
CSC 0212,Monday,9:00 AM,11:00 AM,2
CSC 0212,Monday,11:00 AM,1:00 PM,2
CSC 0212,Monday,1:00 PM,3:00 PM,2
CSC 0212,Monday,3:00 PM,5:00 PM,2
CSC 0212,Monday,5:00 PM,7:00 PM,2
CSC 0212,Monday,7:00 PM,9:00 PM,2
CSC 0212,Tuesday,7:00 AM,9:00 AM,2
CSC 0212,Tuesday,9:00 AM,11:00 AM,2
CSC 0212,Tuesday,11:00 AM,1:00 PM,2
CSC 0212,Tuesday,1:00 PM,3:00 PM,2
CSC 0212,Tuesday,3:00 PM,5:00 PM,2
CSC 0212,Tuesday,5:00 PM,7:00 PM,2
CSC 0212,Tuesday,7:00 PM,9:00 PM,2
CSC 0212,Wednesday,7:00 AM,9:00 AM,2
CSC 0212,Wednesday,9:00 AM,11:00 AM,2
CSC 0212,Wednesday,11:00 AM,1:00 PM,2
CSC 0212,Wednesday,1:00 PM,3:00 PM,2
CSC 0212,Wednesday,3:00 PM,5:00 PM,2
CSC 0212,Wednesday,5:00 PM,7:00 PM,2
CSC 0212,Wednesday,7:00 PM,9:00 PM,2
CSC 0212,Thursday,7:00 AM,9:00 AM,2
CSC 0212,Thursday,9:00 AM,11:00 AM,2
CSC 0212,Thursday,11:00 AM,1:00 PM,2
CSC 0212,Thursday,1:00 PM,3:00 PM,2
CSC 0212,Thursday,3:00 PM,5:00 PM,2
CSC 0212,Thursday,5:00 PM,7:00 PM,2
CSC 0212,Thursday,7:00 PM,9:00 PM,2
CSC 0212,Friday,7:00 AM,9:00 AM,2
CSC 0212,Friday,9:00 AM,11:00 AM,2
CSC 0212,Friday,11:00 AM,1:00 PM,2
CSC 0212,Friday,1:00 PM,3:00 PM,2
CSC 0212,Friday,3:00 PM,5:00 PM,2
CSC 0212,Friday,5:00 PM,7:00 PM,2
CSC 0212,Friday,7:00 PM,9:00 PM,2
CSC 0212,Saturday,7:00 AM,9:00 AM,2
CSC 0212,Saturday,9:00 AM,11:00 AM,2
CSC 0212,Saturday,11:00 AM,1:00 PM,2
CSC 0212,Saturday,1:00 PM,3:00 PM,2
CSC 0212,Saturday,3:00 PM,5:00 PM,2
CSC 0212,Saturday,5:00 PM,7:00 PM,2
CSC 0212,Saturday,7:00 PM,9:00 PM,2
CSC 0212.1,Monday,7:00 AM,8:00 AM,1
CSC 0212.1,Monday,8:00 AM,9:00 AM,1
CSC 0212.1,Monday,9:00 AM,10:00 AM,1
CSC 0212.1,Monday,10:00 AM,11:00 AM,1
CSC 0212.1,Monday,11:00 AM,12:00 PM,1
CSC 0212.1,Monday,12:00 PM,1:00 PM,1
CSC 0212.1,Monday,1:00 PM,2:00 PM,1
CSC 0212.1,Monday,2:00 PM,3:00 PM,1
CSC 0212.1,Monday,3:00 PM,4:00 PM,1
CSC 0212.1,Monday,4:00 PM,5:00 PM,1
CSC 0212.1,Monday,5:00 PM,6:00 PM,1
CSC 0212.1,Monday,6:00 PM,7:00 PM,1
CSC 0212.1,Monday,7:00 PM,8:00 PM,1
CSC 0212.1,Monday,8:00 PM,9:00 PM,1
CSC 0212.1,Tuesday,7:00 AM,8:00 AM,1
CSC 0212.1,Tuesday,8:00 AM,9:00 AM,1
CSC 0212.1,Tuesday,9:00 AM,10:00 AM,1
CSC 0212.1,Tuesday,10:00 AM,11:00 AM,1
CSC 0212.1,Tuesday,11:00 AM,12:00 PM,1
CSC 0212.1,Tuesday,12:00 PM,1:00 PM,1
CSC 0212.1,Tuesday,1:00 PM,2:00 PM,1
CSC 0212.1,Tuesday,2:00 PM,3:00 PM,1
CSC 0212.1,Tuesday,3:00 PM,4:00 PM,1
CSC 0212.1,Tuesday,4:00 PM,5:00 PM,1
CSC 0212.1,Tuesday,5:00 PM,6:00 PM,1
CSC 0212.1,Tuesday,6:00 PM,7:00 PM,1
CSC 0212.1,Tuesday,7:00 PM,8:00 PM,1
CSC 0212.1,Tuesday,8:00 PM,9:00 PM,1
CSC 0212.1,Wednesday,7:00 AM,8:00 AM,1
CSC 0212.1,Wednesday,8:00 AM,9:00 AM,1
CSC 0212.1,Wednesday,9:00 AM,10:00 AM,1
CSC 0212.1,Wednesday,10:00 AM,11:00 AM,1
CSC 0212.1,Wednesday,11:00 AM,12:00 PM,1
CSC 0212.1,Wednesday,12:00 PM,1:00 PM,1
CSC 0212.1,Wednesday,1:00 PM,2:00 PM,1
CSC 0212.1,Wednesday,2:00 PM,3:00 PM,1
CSC 0212.1,Wednesday,3:00 PM,4:00 PM,1
CSC 0212.1,Wednesday,4:00 PM,5:00 PM,1
CSC 0212.1,Wednesday,5:00 PM,6:00 PM,1
CSC 0212.1,Wednesday,6:00 PM,7:00 PM,1
CSC 0212.1,Wednesday,7:00 PM,8:00 PM,1
CSC 0212.1,Wednesday,8:00 PM,9:00 PM,1
CSC 0212.1,Thursday,7:00 AM,8:00 AM,1
CSC 0212.1,Thursday,8:00 AM,9:00 AM,1
CSC 0212.1,Thursday,9:00 AM,10:00 AM,1
CSC 0212.1,Thursday,10:00 AM,11:00 AM,1
CSC 0212.1,Thursday,11:00 AM,12:00 PM,1
CSC 0212.1,Thursday,12:00 PM,1:00 PM,1
CSC 0212.1,Thursday,1:00 PM,2:00 PM,1
CSC 0212.1,Thursday,2:00 PM,3:00 PM,1
CSC 0212.1,Thursday,3:00 PM,4:00 PM,1
CSC 0212.1,Thursday,4:00 PM,5:00 PM,1
CSC 0212.1,Thursday,5:00 PM,6:00 PM,1
CSC 0212.1,Thursday,6:00 PM,7:00 PM,1
CSC 0212.1,Thursday,7:00 PM,8:00 PM,1
CSC 0212.1,Thursday,8:00 PM,9:00 PM,1
CSC 0212.1,Friday,7:00 AM,8:00 AM,1
CSC 0212.1,Friday,8:00 AM,9:00 AM,1
CSC 0212.1,Friday,9:00 AM,10:00 AM,1
CSC 0212.1,Friday,10:00 AM,11:00 AM,1
CSC 0212.1,Friday,11:00 AM,12:00 PM,1
CSC 0212.1,Friday,12:00 PM,1:00 PM,1
CSC 0212.1,Friday,1:00 PM,2:00 PM,1
CSC 0212.1,Friday,2:00 PM,3:00 PM,1
CSC 0212.1,Friday,3:00 PM,4:00 PM,1
CSC 0212.1,Friday,4:00 PM,5:00 PM,1
CSC 0212.1,Friday,5:00 PM,6:00 PM,1
CSC 0212.1,Friday,6:00 PM,7:00 PM,1
CSC 0212.1,Friday,7:00 PM,8:00 PM,1
CSC 0212.1,Friday,8:00 PM,9:00 PM,1
CSC 0212.1,Saturday,7:00 AM,8:00 AM,1
CSC 0212.1,Saturday,8:00 AM,9:00 AM,1
CSC 0212.1,Saturday,9:00 AM,10:00 AM,1
CSC 0212.1,Saturday,10:00 AM,11:00 AM,1
CSC 0212.1,Saturday,11:00 AM,12:00 PM,1
CSC 0212.1,Saturday,12:00 PM,1:00 PM,1
CSC 0212.1,Saturday,1:00 PM,2:00 PM,1
CSC 0212.1,Saturday,2:00 PM,3:00 PM,1
CSC 0212.1,Saturday,3:00 PM,4:00 PM,1
CSC 0212.1,Saturday,4:00 PM,5:00 PM,1
CSC 0212.1,Saturday,5:00 PM,6:00 PM,1
CSC 0212.1,Saturday,6:00 PM,7:00 PM,1
CSC 0212.1,Saturday,7:00 PM,8:00 PM,1
CSC 0212.1,Saturday,8:00 PM,9:00 PM,1
CSC 0213,Monday,7:00 AM,9:00 AM,2
CSC 0213,Monday,9:00 AM,11:00 AM,2
CSC 0213,Monday,11:00 AM,1:00 PM,2
CSC 0213,Monday,1:00 PM,3:00 PM,2
CSC 0213,Monday,3:00 PM,5:00 PM,2
CSC 0213,Monday,5:00 PM,7:00 PM,2
CSC 0213,Monday,7:00 PM,9:00 PM,2
CSC 0213,Tuesday,7:00 AM,9:00 AM,2
CSC 0213,Tuesday,9:00 AM,11:00 AM,2
CSC 0213,Tuesday,11:00 AM,1:00 PM,2
CSC 0213,Tuesday,1:00 PM,3:00 PM,2
CSC 0213,Tuesday,3:00 PM,5:00 PM,2
CSC 0213,Tuesday,5:00 PM,7:00 PM,2
CSC 0213,Tuesday,7:00 PM,9:00 PM,2
CSC 0213,Wednesday,7:00 AM,9:00 AM,2
CSC 0213,Wednesday,9:00 AM,11:00 AM,2
CSC 0213,Wednesday,11:00 AM,1:00 PM,2
CSC 0213,Wednesday,1:00 PM,3:00 PM,2
CSC 0213,Wednesday,3:00 PM,5:00 PM,2
CSC 0213,Wednesday,5:00 PM,7:00 PM,2
CSC 0213,Wednesday,7:00 PM,9:00 PM,2
CSC 0213,Thursday,7:00 AM,9:00 AM,2
CSC 0213,Thursday,9:00 AM,11:00 AM,2
CSC 0213,Thursday,11:00 AM,1:00 PM,2
CSC 0213,Thursday,1:00 PM,3:00 PM,2
CSC 0213,Thursday,3:00 PM,5:00 PM,2
CSC 0213,Thursday,5:00 PM,7:00 PM,2
CSC 0213,Thursday,7:00 PM,9:00 PM,2
CSC 0213,Friday,7:00 AM,9:00 AM,2
CSC 0213,Friday,9:00 AM,11:00 AM,2
CSC 0213,Friday,11:00 AM,1:00 PM,2
CSC 0213,Friday,1:00 PM,3:00 PM,2
CSC 0213,Friday,3:00 PM,5:00 PM,2
CSC 0213,Friday,5:00 PM,7:00 PM,2
CSC 0213,Friday,7:00 PM,9:00 PM,2
CSC 0213,Saturday,7:00 AM,9:00 AM,2
CSC 0213,Saturday,9:00 AM,11:00 AM,2
CSC 0213,Saturday,11:00 AM,1:00 PM,2
CSC 0213,Saturday,1:00 PM,3:00 PM,2
CSC 0213,Saturday,3:00 PM,5:00 PM,2
CSC 0213,Saturday,5:00 PM,7:00 PM,2
CSC 0213,Saturday,7:00 PM,9:00 PM,2
CSC 0213.1,Monday,7:00 AM,8:00 AM,1
CSC 0213.1,Monday,8:00 AM,9:00 AM,1
CSC 0213.1,Monday,9:00 AM,10:00 AM,1
CSC 0213.1,Monday,10:00 AM,11:00 AM,1
CSC 0213.1,Monday,11:00 AM,12:00 PM,1
CSC 0213.1,Monday,12:00 PM,1:00 PM,1
CSC 0213.1,Monday,1:00 PM,2:00 PM,1
CSC 0213.1,Monday,2:00 PM,3:00 PM,1
CSC 0213.1,Monday,3:00 PM,4:00 PM,1
CSC 0213.1,Monday,4:00 PM,5:00 PM,1
CSC 0213.1,Monday,5:00 PM,6:00 PM,1
CSC 0213.1,Monday,6:00 PM,7:00 PM,1
CSC 0213.1,Monday,7:00 PM,8:00 PM,1
CSC 0213.1,Monday,8:00 PM,9:00 PM,1
CSC 0213.1,Tuesday,7:00 AM,8:00 AM,1
CSC 0213.1,Tuesday,8:00 AM,9:00 AM,1
CSC 0213.1,Tuesday,9:00 AM,10:00 AM,1
CSC 0213.1,Tuesday,10:00 AM,11:00 AM,1
CSC 0213.1,Tuesday,11:00 AM,12:00 PM,1
CSC 0213.1,Tuesday,12:00 PM,1:00 PM,1
CSC 0213.1,Tuesday,1:00 PM,2:00 PM,1
CSC 0213.1,Tuesday,2:00 PM,3:00 PM,1
CSC 0213.1,Tuesday,3:00 PM,4:00 PM,1
CSC 0213.1,Tuesday,4:00 PM,5:00 PM,1
CSC 0213.1,Tuesday,5:00 PM,6:00 PM,1
CSC 0213.1,Tuesday,6:00 PM,7:00 PM,1
CSC 0213.1,Tuesday,7:00 PM,8:00 PM,1
CSC 0213.1,Tuesday,8:00 PM,9:00 PM,1
CSC 0213.1,Wednesday,7:00 AM,8:00 AM,1
CSC 0213.1,Wednesday,8:00 AM,9:00 AM,1
CSC 0213.1,Wednesday,9:00 AM,10:00 AM,1
CSC 0213.1,Wednesday,10:00 AM,11:00 AM,1
CSC 0213.1,Wednesday,11:00 AM,12:00 PM,1
CSC 0213.1,Wednesday,12:00 PM,1:00 PM,1
CSC 0213.1,Wednesday,1:00 PM,2:00 PM,1
CSC 0213.1,Wednesday,2:00 PM,3:00 PM,1
CSC 0213.1,Wednesday,3:00 PM,4:00 PM,1
CSC 0213.1,Wednesday,4:00 PM,5:00 PM,1
CSC 0213.1,Wednesday,5:00 PM,6:00 PM,1
CSC 0213.1,Wednesday,6:00 PM,7:00 PM,1
CSC 0213.1,Wednesday,7:00 PM,8:00 PM,1
CSC 0213.1,Wednesday,8:00 PM,9:00 PM,1
CSC 0213.1,Thursday,7:00 AM,8:00 AM,1
CSC 0213.1,Thursday,8:00 AM,9:00 AM,1
CSC 0213.1,Thursday,9:00 AM,10:00 AM,1
CSC 0213.1,Thursday,10:00 AM,11:00 AM,1
CSC 0213.1,Thursday,11:00 AM,12:00 PM,1
CSC 0213.1,Thursday,12:00 PM,1:00 PM,1
CSC 0213.1,Thursday,1:00 PM,2:00 PM,1
CSC 0213.1,Thursday,2:00 PM,3:00 PM,1
CSC 0213.1,Thursday,3:00 PM,4:00 PM,1
CSC 0213.1,Thursday,4:00 PM,5:00 PM,1
CSC 0213.1,Thursday,5:00 PM,6:00 PM,1
CSC 0213.1,Thursday,6:00 PM,7:00 PM,1
CSC 0213.1,Thursday,7:00 PM,8:00 PM,1
CSC 0213.1,Thursday,8:00 PM,9:00 PM,1
CSC 0213.1,Friday,7:00 AM,8:00 AM,1
CSC 0213.1,Friday,8:00 AM,9:00 AM,1
CSC 0213.1,Friday,9:00 AM,10:00 AM,1
CSC 0213.1,Friday,10:00 AM,11:00 AM,1
CSC 0213.1,Friday,11:00 AM,12:00 PM,1
CSC 0213.1,Friday,12:00 PM,1:00 PM,1
CSC 0213.1,Friday,1:00 PM,2:00 PM,1
CSC 0213.1,Friday,2:00 PM,3:00 PM,1
CSC 0213.1,Friday,3:00 PM,4:00 PM,1
CSC 0213.1,Friday,4:00 PM,5:00 PM,1
CSC 0213.1,Friday,5:00 PM,6:00 PM,1
CSC 0213.1,Friday,6:00 PM,7:00 PM,1
CSC 0213.1,Friday,7:00 PM,8:00 PM,1
CSC 0213.1,Friday,8:00 PM,9:00 PM,1
CSC 0213.1,Saturday,7:00 AM,8:00 AM,1
CSC 0213.1,Saturday,8:00 AM,9:00 AM,1
CSC 0213.1,Saturday,9:00 AM,10:00 AM,1
CSC 0213.1,Saturday,10:00 AM,11:00 AM,1
CSC 0213.1,Saturday,11:00 AM,12:00 PM,1
CSC 0213.1,Saturday,12:00 PM,1:00 PM,1
CSC 0213.1,Saturday,1:00 PM,2:00 PM,1
CSC 0213.1,Saturday,2:00 PM,3:00 PM,1
CSC 0213.1,Saturday,3:00 PM,4:00 PM,1
CSC 0213.1,Saturday,4:00 PM,5:00 PM,1
CSC 0213.1,Saturday,5:00 PM,6:00 PM,1
CSC 0213.1,Saturday,6:00 PM,7:00 PM,1
CSC 0213.1,Saturday,7:00 PM,8:00 PM,1
CSC 0213.1,Saturday,8:00 PM,9:00 PM,1
CSC 0221,Monday,7:00 AM,10:00 AM,3
CSC 0221,Monday,10:00 AM,1:00 PM,3
CSC 0221,Monday,1:00 PM,4:00 PM,3
CSC 0221,Monday,4:00 PM,7:00 PM,3
CSC 0221,Tuesday,7:00 AM,10:00 AM,3
CSC 0221,Tuesday,10:00 AM,1:00 PM,3
CSC 0221,Tuesday,1:00 PM,4:00 PM,3
CSC 0221,Tuesday,4:00 PM,7:00 PM,3
CSC 0221,Wednesday,7:00 AM,10:00 AM,3
CSC 0221,Wednesday,10:00 AM,1:00 PM,3
CSC 0221,Wednesday,1:00 PM,4:00 PM,3
CSC 0221,Wednesday,4:00 PM,7:00 PM,3
CSC 0221,Thursday,7:00 AM,10:00 AM,3
CSC 0221,Thursday,10:00 AM,1:00 PM,3
CSC 0221,Thursday,1:00 PM,4:00 PM,3
CSC 0221,Thursday,4:00 PM,7:00 PM,3
CSC 0221,Friday,7:00 AM,10:00 AM,3
CSC 0221,Friday,10:00 AM,1:00 PM,3
CSC 0221,Friday,1:00 PM,4:00 PM,3
CSC 0221,Friday,4:00 PM,7:00 PM,3
CSC 0221,Saturday,7:00 AM,10:00 AM,3
CSC 0221,Saturday,10:00 AM,1:00 PM,3
CSC 0221,Saturday,1:00 PM,4:00 PM,3
CSC 0221,Saturday,4:00 PM,7:00 PM,3
CSC 0222,Monday,7:00 AM,9:00 AM,2
CSC 0222,Monday,9:00 AM,11:00 AM,2
CSC 0222,Monday,11:00 AM,1:00 PM,2
CSC 0222,Monday,1:00 PM,3:00 PM,2
CSC 0222,Monday,3:00 PM,5:00 PM,2
CSC 0222,Monday,5:00 PM,7:00 PM,2
CSC 0222,Monday,7:00 PM,9:00 PM,2
CSC 0222,Tuesday,7:00 AM,9:00 AM,2
CSC 0222,Tuesday,9:00 AM,11:00 AM,2
CSC 0222,Tuesday,11:00 AM,1:00 PM,2
CSC 0222,Tuesday,1:00 PM,3:00 PM,2
CSC 0222,Tuesday,3:00 PM,5:00 PM,2
CSC 0222,Tuesday,5:00 PM,7:00 PM,2
CSC 0222,Tuesday,7:00 PM,9:00 PM,2
CSC 0222,Wednesday,7:00 AM,9:00 AM,2
CSC 0222,Wednesday,9:00 AM,11:00 AM,2
CSC 0222,Wednesday,11:00 AM,1:00 PM,2
CSC 0222,Wednesday,1:00 PM,3:00 PM,2
CSC 0222,Wednesday,3:00 PM,5:00 PM,2
CSC 0222,Wednesday,5:00 PM,7:00 PM,2
CSC 0222,Wednesday,7:00 PM,9:00 PM,2
CSC 0222,Thursday,7:00 AM,9:00 AM,2
CSC 0222,Thursday,9:00 AM,11:00 AM,2
CSC 0222,Thursday,11:00 AM,1:00 PM,2
CSC 0222,Thursday,1:00 PM,3:00 PM,2
CSC 0222,Thursday,3:00 PM,5:00 PM,2
CSC 0222,Thursday,5:00 PM,7:00 PM,2
CSC 0222,Thursday,7:00 PM,9:00 PM,2
CSC 0222,Friday,7:00 AM,9:00 AM,2
CSC 0222,Friday,9:00 AM,11:00 AM,2
CSC 0222,Friday,11:00 AM,1:00 PM,2
CSC 0222,Friday,1:00 PM,3:00 PM,2
CSC 0222,Friday,3:00 PM,5:00 PM,2
CSC 0222,Friday,5:00 PM,7:00 PM,2
CSC 0222,Friday,7:00 PM,9:00 PM,2
CSC 0222,Saturday,7:00 AM,9:00 AM,2
CSC 0222,Saturday,9:00 AM,11:00 AM,2
CSC 0222,Saturday,11:00 AM,1:00 PM,2
CSC 0222,Saturday,1:00 PM,3:00 PM,2
CSC 0222,Saturday,3:00 PM,5:00 PM,2
CSC 0222,Saturday,5:00 PM,7:00 PM,2
CSC 0222,Saturday,7:00 PM,9:00 PM,2
CSC 0222.1,Monday,7:00 AM,8:00 AM,1
CSC 0222.1,Monday,8:00 AM,9:00 AM,1
CSC 0222.1,Monday,9:00 AM,10:00 AM,1
CSC 0222.1,Monday,10:00 AM,11:00 AM,1
CSC 0222.1,Monday,11:00 AM,12:00 PM,1
CSC 0222.1,Monday,12:00 PM,1:00 PM,1
CSC 0222.1,Monday,1:00 PM,2:00 PM,1
CSC 0222.1,Monday,2:00 PM,3:00 PM,1
CSC 0222.1,Monday,3:00 PM,4:00 PM,1
CSC 0222.1,Monday,4:00 PM,5:00 PM,1
CSC 0222.1,Monday,5:00 PM,6:00 PM,1
CSC 0222.1,Monday,6:00 PM,7:00 PM,1
CSC 0222.1,Monday,7:00 PM,8:00 PM,1
CSC 0222.1,Monday,8:00 PM,9:00 PM,1
CSC 0222.1,Tuesday,7:00 AM,8:00 AM,1
CSC 0222.1,Tuesday,8:00 AM,9:00 AM,1
CSC 0222.1,Tuesday,9:00 AM,10:00 AM,1
CSC 0222.1,Tuesday,10:00 AM,11:00 AM,1
CSC 0222.1,Tuesday,11:00 AM,12:00 PM,1
CSC 0222.1,Tuesday,12:00 PM,1:00 PM,1
CSC 0222.1,Tuesday,1:00 PM,2:00 PM,1
CSC 0222.1,Tuesday,2:00 PM,3:00 PM,1
CSC 0222.1,Tuesday,3:00 PM,4:00 PM,1
CSC 0222.1,Tuesday,4:00 PM,5:00 PM,1
CSC 0222.1,Tuesday,5:00 PM,6:00 PM,1
CSC 0222.1,Tuesday,6:00 PM,7:00 PM,1
CSC 0222.1,Tuesday,7:00 PM,8:00 PM,1
CSC 0222.1,Tuesday,8:00 PM,9:00 PM,1
CSC 0222.1,Wednesday,7:00 AM,8:00 AM,1
CSC 0222.1,Wednesday,8:00 AM,9:00 AM,1
CSC 0222.1,Wednesday,9:00 AM,10:00 AM,1
CSC 0222.1,Wednesday,10:00 AM,11:00 AM,1
CSC 0222.1,Wednesday,11:00 AM,12:00 PM,1
CSC 0222.1,Wednesday,12:00 PM,1:00 PM,1
CSC 0222.1,Wednesday,1:00 PM,2:00 PM,1
CSC 0222.1,Wednesday,2:00 PM,3:00 PM,1
CSC 0222.1,Wednesday,3:00 PM,4:00 PM,1
CSC 0222.1,Wednesday,4:00 PM,5:00 PM,1
CSC 0222.1,Wednesday,5:00 PM,6:00 PM,1
CSC 0222.1,Wednesday,6:00 PM,7:00 PM,1
CSC 0222.1,Wednesday,7:00 PM,8:00 PM,1
CSC 0222.1,Wednesday,8:00 PM,9:00 PM,1
CSC 0222.1,Thursday,7:00 AM,8:00 AM,1
CSC 0222.1,Thursday,8:00 AM,9:00 AM,1
CSC 0222.1,Thursday,9:00 AM,10:00 AM,1
CSC 0222.1,Thursday,10:00 AM,11:00 AM,1
CSC 0222.1,Thursday,11:00 AM,12:00 PM,1
CSC 0222.1,Thursday,12:00 PM,1:00 PM,1
CSC 0222.1,Thursday,1:00 PM,2:00 PM,1
CSC 0222.1,Thursday,2:00 PM,3:00 PM,1
CSC 0222.1,Thursday,3:00 PM,4:00 PM,1
CSC 0222.1,Thursday,4:00 PM,5:00 PM,1
CSC 0222.1,Thursday,5:00 PM,6:00 PM,1
CSC 0222.1,Thursday,6:00 PM,7:00 PM,1
CSC 0222.1,Thursday,7:00 PM,8:00 PM,1
CSC 0222.1,Thursday,8:00 PM,9:00 PM,1
CSC 0222.1,Friday,7:00 AM,8:00 AM,1
CSC 0222.1,Friday,8:00 AM,9:00 AM,1
CSC 0222.1,Friday,9:00 AM,10:00 AM,1
CSC 0222.1,Friday,10:00 AM,11:00 AM,1
CSC 0222.1,Friday,11:00 AM,12:00 PM,1
CSC 0222.1,Friday,12:00 PM,1:00 PM,1
CSC 0222.1,Friday,1:00 PM,2:00 PM,1
CSC 0222.1,Friday,2:00 PM,3:00 PM,1
CSC 0222.1,Friday,3:00 PM,4:00 PM,1
CSC 0222.1,Friday,4:00 PM,5:00 PM,1
CSC 0222.1,Friday,5:00 PM,6:00 PM,1
CSC 0222.1,Friday,6:00 PM,7:00 PM,1
CSC 0222.1,Friday,7:00 PM,8:00 PM,1
CSC 0222.1,Friday,8:00 PM,9:00 PM,1
CSC 0222.1,Saturday,7:00 AM,8:00 AM,1
CSC 0222.1,Saturday,8:00 AM,9:00 AM,1
CSC 0222.1,Saturday,9:00 AM,10:00 AM,1
CSC 0222.1,Saturday,10:00 AM,11:00 AM,1
CSC 0222.1,Saturday,11:00 AM,12:00 PM,1
CSC 0222.1,Saturday,12:00 PM,1:00 PM,1
CSC 0222.1,Saturday,1:00 PM,2:00 PM,1
CSC 0222.1,Saturday,2:00 PM,3:00 PM,1
CSC 0222.1,Saturday,3:00 PM,4:00 PM,1
CSC 0222.1,Saturday,4:00 PM,5:00 PM,1
CSC 0222.1,Saturday,5:00 PM,6:00 PM,1
CSC 0222.1,Saturday,6:00 PM,7:00 PM,1
CSC 0222.1,Saturday,7:00 PM,8:00 PM,1
CSC 0222.1,Saturday,8:00 PM,9:00 PM,1
CSC 0223,Monday,7:00 AM,10:00 AM,3
CSC 0223,Monday,10:00 AM,1:00 PM,3
CSC 0223,Monday,1:00 PM,4:00 PM,3
CSC 0223,Monday,4:00 PM,7:00 PM,3
CSC 0223,Tuesday,7:00 AM,10:00 AM,3
CSC 0223,Tuesday,10:00 AM,1:00 PM,3
CSC 0223,Tuesday,1:00 PM,4:00 PM,3
CSC 0223,Tuesday,4:00 PM,7:00 PM,3
CSC 0223,Wednesday,7:00 AM,10:00 AM,3
CSC 0223,Wednesday,10:00 AM,1:00 PM,3
CSC 0223,Wednesday,1:00 PM,4:00 PM,3
CSC 0223,Wednesday,4:00 PM,7:00 PM,3
CSC 0223,Thursday,7:00 AM,10:00 AM,3
CSC 0223,Thursday,10:00 AM,1:00 PM,3
CSC 0223,Thursday,1:00 PM,4:00 PM,3
CSC 0223,Thursday,4:00 PM,7:00 PM,3
CSC 0223,Friday,7:00 AM,10:00 AM,3
CSC 0223,Friday,10:00 AM,1:00 PM,3
CSC 0223,Friday,1:00 PM,4:00 PM,3
CSC 0223,Friday,4:00 PM,7:00 PM,3
CSC 0223,Saturday,7:00 AM,10:00 AM,3
CSC 0223,Saturday,10:00 AM,1:00 PM,3
CSC 0223,Saturday,1:00 PM,4:00 PM,3
CSC 0223,Saturday,4:00 PM,7:00 PM,3
CSC 0224,Monday,7:00 AM,10:00 AM,3
CSC 0224,Monday,10:00 AM,1:00 PM,3
CSC 0224,Monday,1:00 PM,4:00 PM,3
CSC 0224,Monday,4:00 PM,7:00 PM,3
CSC 0224,Tuesday,7:00 AM,10:00 AM,3
CSC 0224,Tuesday,10:00 AM,1:00 PM,3
CSC 0224,Tuesday,1:00 PM,4:00 PM,3
CSC 0224,Tuesday,4:00 PM,7:00 PM,3
CSC 0224,Wednesday,7:00 AM,10:00 AM,3
CSC 0224,Wednesday,10:00 AM,1:00 PM,3
CSC 0224,Wednesday,1:00 PM,4:00 PM,3
CSC 0224,Wednesday,4:00 PM,7:00 PM,3
CSC 0224,Thursday,7:00 AM,10:00 AM,3
CSC 0224,Thursday,10:00 AM,1:00 PM,3
CSC 0224,Thursday,1:00 PM,4:00 PM,3
CSC 0224,Thursday,4:00 PM,7:00 PM,3
CSC 0224,Friday,7:00 AM,10:00 AM,3
CSC 0224,Friday,10:00 AM,1:00 PM,3
CSC 0224,Friday,1:00 PM,4:00 PM,3
CSC 0224,Friday,4:00 PM,7:00 PM,3
CSC 0224,Saturday,7:00 AM,10:00 AM,3
CSC 0224,Saturday,10:00 AM,1:00 PM,3
CSC 0224,Saturday,1:00 PM,4:00 PM,3
CSC 0224,Saturday,4:00 PM,7:00 PM,3
CSC 0311,Monday,7:00 AM,10:00 AM,3
CSC 0311,Monday,10:00 AM,1:00 PM,3
CSC 0311,Monday,1:00 PM,4:00 PM,3
CSC 0311,Monday,4:00 PM,7:00 PM,3
CSC 0311,Tuesday,7:00 AM,10:00 AM,3
CSC 0311,Tuesday,10:00 AM,1:00 PM,3
CSC 0311,Tuesday,1:00 PM,4:00 PM,3
CSC 0311,Tuesday,4:00 PM,7:00 PM,3
CSC 0311,Wednesday,7:00 AM,10:00 AM,3
CSC 0311,Wednesday,10:00 AM,1:00 PM,3
CSC 0311,Wednesday,1:00 PM,4:00 PM,3
CSC 0311,Wednesday,4:00 PM,7:00 PM,3
CSC 0311,Thursday,7:00 AM,10:00 AM,3
CSC 0311,Thursday,10:00 AM,1:00 PM,3
CSC 0311,Thursday,1:00 PM,4:00 PM,3
CSC 0311,Thursday,4:00 PM,7:00 PM,3
CSC 0311,Friday,7:00 AM,10:00 AM,3
CSC 0311,Friday,10:00 AM,1:00 PM,3
CSC 0311,Friday,1:00 PM,4:00 PM,3
CSC 0311,Friday,4:00 PM,7:00 PM,3
CSC 0311,Saturday,7:00 AM,10:00 AM,3
CSC 0311,Saturday,10:00 AM,1:00 PM,3
CSC 0311,Saturday,1:00 PM,4:00 PM,3
CSC 0311,Saturday,4:00 PM,7:00 PM,3
CSC 0312,Monday,7:00 AM,9:00 AM,2
CSC 0312,Monday,9:00 AM,11:00 AM,2
CSC 0312,Monday,11:00 AM,1:00 PM,2
CSC 0312,Monday,1:00 PM,3:00 PM,2
CSC 0312,Monday,3:00 PM,5:00 PM,2
CSC 0312,Monday,5:00 PM,7:00 PM,2
CSC 0312,Monday,7:00 PM,9:00 PM,2
CSC 0312,Tuesday,7:00 AM,9:00 AM,2
CSC 0312,Tuesday,9:00 AM,11:00 AM,2
CSC 0312,Tuesday,11:00 AM,1:00 PM,2
CSC 0312,Tuesday,1:00 PM,3:00 PM,2
CSC 0312,Tuesday,3:00 PM,5:00 PM,2
CSC 0312,Tuesday,5:00 PM,7:00 PM,2
CSC 0312,Tuesday,7:00 PM,9:00 PM,2
CSC 0312,Wednesday,7:00 AM,9:00 AM,2
CSC 0312,Wednesday,9:00 AM,11:00 AM,2
CSC 0312,Wednesday,11:00 AM,1:00 PM,2
CSC 0312,Wednesday,1:00 PM,3:00 PM,2
CSC 0312,Wednesday,3:00 PM,5:00 PM,2
CSC 0312,Wednesday,5:00 PM,7:00 PM,2
CSC 0312,Wednesday,7:00 PM,9:00 PM,2
CSC 0312,Thursday,7:00 AM,9:00 AM,2
CSC 0312,Thursday,9:00 AM,11:00 AM,2
CSC 0312,Thursday,11:00 AM,1:00 PM,2
CSC 0312,Thursday,1:00 PM,3:00 PM,2
CSC 0312,Thursday,3:00 PM,5:00 PM,2
CSC 0312,Thursday,5:00 PM,7:00 PM,2
CSC 0312,Thursday,7:00 PM,9:00 PM,2
CSC 0312,Friday,7:00 AM,9:00 AM,2
CSC 0312,Friday,9:00 AM,11:00 AM,2
CSC 0312,Friday,11:00 AM,1:00 PM,2
CSC 0312,Friday,1:00 PM,3:00 PM,2
CSC 0312,Friday,3:00 PM,5:00 PM,2
CSC 0312,Friday,5:00 PM,7:00 PM,2
CSC 0312,Friday,7:00 PM,9:00 PM,2
CSC 0312,Saturday,7:00 AM,9:00 AM,2
CSC 0312,Saturday,9:00 AM,11:00 AM,2
CSC 0312,Saturday,11:00 AM,1:00 PM,2
CSC 0312,Saturday,1:00 PM,3:00 PM,2
CSC 0312,Saturday,3:00 PM,5:00 PM,2
CSC 0312,Saturday,5:00 PM,7:00 PM,2
CSC 0312,Saturday,7:00 PM,9:00 PM,2
CSC 0312.1,Monday,7:00 AM,8:00 AM,1
CSC 0312.1,Monday,8:00 AM,9:00 AM,1
CSC 0312.1,Monday,9:00 AM,10:00 AM,1
CSC 0312.1,Monday,10:00 AM,11:00 AM,1
CSC 0312.1,Monday,11:00 AM,12:00 PM,1
CSC 0312.1,Monday,12:00 PM,1:00 PM,1
CSC 0312.1,Monday,1:00 PM,2:00 PM,1
CSC 0312.1,Monday,2:00 PM,3:00 PM,1
CSC 0312.1,Monday,3:00 PM,4:00 PM,1
CSC 0312.1,Monday,4:00 PM,5:00 PM,1
CSC 0312.1,Monday,5:00 PM,6:00 PM,1
CSC 0312.1,Monday,6:00 PM,7:00 PM,1
CSC 0312.1,Monday,7:00 PM,8:00 PM,1
CSC 0312.1,Monday,8:00 PM,9:00 PM,1
CSC 0312.1,Tuesday,7:00 AM,8:00 AM,1
CSC 0312.1,Tuesday,8:00 AM,9:00 AM,1
CSC 0312.1,Tuesday,9:00 AM,10:00 AM,1
CSC 0312.1,Tuesday,10:00 AM,11:00 AM,1
CSC 0312.1,Tuesday,11:00 AM,12:00 PM,1
CSC 0312.1,Tuesday,12:00 PM,1:00 PM,1
CSC 0312.1,Tuesday,1:00 PM,2:00 PM,1
CSC 0312.1,Tuesday,2:00 PM,3:00 PM,1
CSC 0312.1,Tuesday,3:00 PM,4:00 PM,1
CSC 0312.1,Tuesday,4:00 PM,5:00 PM,1
CSC 0312.1,Tuesday,5:00 PM,6:00 PM,1
CSC 0312.1,Tuesday,6:00 PM,7:00 PM,1
CSC 0312.1,Tuesday,7:00 PM,8:00 PM,1
CSC 0312.1,Tuesday,8:00 PM,9:00 PM,1
CSC 0312.1,Wednesday,7:00 AM,8:00 AM,1
CSC 0312.1,Wednesday,8:00 AM,9:00 AM,1
CSC 0312.1,Wednesday,9:00 AM,10:00 AM,1
CSC 0312.1,Wednesday,10:00 AM,11:00 AM,1
CSC 0312.1,Wednesday,11:00 AM,12:00 PM,1
CSC 0312.1,Wednesday,12:00 PM,1:00 PM,1
CSC 0312.1,Wednesday,1:00 PM,2:00 PM,1
CSC 0312.1,Wednesday,2:00 PM,3:00 PM,1
CSC 0312.1,Wednesday,3:00 PM,4:00 PM,1
CSC 0312.1,Wednesday,4:00 PM,5:00 PM,1
CSC 0312.1,Wednesday,5:00 PM,6:00 PM,1
CSC 0312.1,Wednesday,6:00 PM,7:00 PM,1
CSC 0312.1,Wednesday,7:00 PM,8:00 PM,1
CSC 0312.1,Wednesday,8:00 PM,9:00 PM,1
CSC 0312.1,Thursday,7:00 AM,8:00 AM,1
CSC 0312.1,Thursday,8:00 AM,9:00 AM,1
CSC 0312.1,Thursday,9:00 AM,10:00 AM,1
CSC 0312.1,Thursday,10:00 AM,11:00 AM,1
CSC 0312.1,Thursday,11:00 AM,12:00 PM,1
CSC 0312.1,Thursday,12:00 PM,1:00 PM,1
CSC 0312.1,Thursday,1:00 PM,2:00 PM,1
CSC 0312.1,Thursday,2:00 PM,3:00 PM,1
CSC 0312.1,Thursday,3:00 PM,4:00 PM,1
CSC 0312.1,Thursday,4:00 PM,5:00 PM,1
CSC 0312.1,Thursday,5:00 PM,6:00 PM,1
CSC 0312.1,Thursday,6:00 PM,7:00 PM,1
CSC 0312.1,Thursday,7:00 PM,8:00 PM,1
CSC 0312.1,Thursday,8:00 PM,9:00 PM,1
CSC 0312.1,Friday,7:00 AM,8:00 AM,1
CSC 0312.1,Friday,8:00 AM,9:00 AM,1
CSC 0312.1,Friday,9:00 AM,10:00 AM,1
CSC 0312.1,Friday,10:00 AM,11:00 AM,1
CSC 0312.1,Friday,11:00 AM,12:00 PM,1
CSC 0312.1,Friday,12:00 PM,1:00 PM,1
CSC 0312.1,Friday,1:00 PM,2:00 PM,1
CSC 0312.1,Friday,2:00 PM,3:00 PM,1
CSC 0312.1,Friday,3:00 PM,4:00 PM,1
CSC 0312.1,Friday,4:00 PM,5:00 PM,1
CSC 0312.1,Friday,5:00 PM,6:00 PM,1
CSC 0312.1,Friday,6:00 PM,7:00 PM,1
CSC 0312.1,Friday,7:00 PM,8:00 PM,1
CSC 0312.1,Friday,8:00 PM,9:00 PM,1
CSC 0312.1,Saturday,7:00 AM,8:00 AM,1
CSC 0312.1,Saturday,8:00 AM,9:00 AM,1
CSC 0312.1,Saturday,9:00 AM,10:00 AM,1
CSC 0312.1,Saturday,10:00 AM,11:00 AM,1
CSC 0312.1,Saturday,11:00 AM,12:00 PM,1
CSC 0312.1,Saturday,12:00 PM,1:00 PM,1
CSC 0312.1,Saturday,1:00 PM,2:00 PM,1
CSC 0312.1,Saturday,2:00 PM,3:00 PM,1
CSC 0312.1,Saturday,3:00 PM,4:00 PM,1
CSC 0312.1,Saturday,4:00 PM,5:00 PM,1
CSC 0312.1,Saturday,5:00 PM,6:00 PM,1
CSC 0312.1,Saturday,6:00 PM,7:00 PM,1
CSC 0312.1,Saturday,7:00 PM,8:00 PM,1
CSC 0312.1,Saturday,8:00 PM,9:00 PM,1
CSC 0313,Monday,7:00 AM,9:00 AM,2
CSC 0313,Monday,9:00 AM,11:00 AM,2
CSC 0313,Monday,11:00 AM,1:00 PM,2
CSC 0313,Monday,1:00 PM,3:00 PM,2
CSC 0313,Monday,3:00 PM,5:00 PM,2
CSC 0313,Monday,5:00 PM,7:00 PM,2
CSC 0313,Monday,7:00 PM,9:00 PM,2
CSC 0313,Tuesday,7:00 AM,9:00 AM,2
CSC 0313,Tuesday,9:00 AM,11:00 AM,2
CSC 0313,Tuesday,11:00 AM,1:00 PM,2
CSC 0313,Tuesday,1:00 PM,3:00 PM,2
CSC 0313,Tuesday,3:00 PM,5:00 PM,2
CSC 0313,Tuesday,5:00 PM,7:00 PM,2
CSC 0313,Tuesday,7:00 PM,9:00 PM,2
CSC 0313,Wednesday,7:00 AM,9:00 AM,2
CSC 0313,Wednesday,9:00 AM,11:00 AM,2
CSC 0313,Wednesday,11:00 AM,1:00 PM,2
CSC 0313,Wednesday,1:00 PM,3:00 PM,2
CSC 0313,Wednesday,3:00 PM,5:00 PM,2
CSC 0313,Wednesday,5:00 PM,7:00 PM,2
CSC 0313,Wednesday,7:00 PM,9:00 PM,2
CSC 0313,Thursday,7:00 AM,9:00 AM,2
CSC 0313,Thursday,9:00 AM,11:00 AM,2
CSC 0313,Thursday,11:00 AM,1:00 PM,2
CSC 0313,Thursday,1:00 PM,3:00 PM,2
CSC 0313,Thursday,3:00 PM,5:00 PM,2
CSC 0313,Thursday,5:00 PM,7:00 PM,2
CSC 0313,Thursday,7:00 PM,9:00 PM,2
CSC 0313,Friday,7:00 AM,9:00 AM,2
CSC 0313,Friday,9:00 AM,11:00 AM,2
CSC 0313,Friday,11:00 AM,1:00 PM,2
CSC 0313,Friday,1:00 PM,3:00 PM,2
CSC 0313,Friday,3:00 PM,5:00 PM,2
CSC 0313,Friday,5:00 PM,7:00 PM,2
CSC 0313,Friday,7:00 PM,9:00 PM,2
CSC 0313,Saturday,7:00 AM,9:00 AM,2
CSC 0313,Saturday,9:00 AM,11:00 AM,2
CSC 0313,Saturday,11:00 AM,1:00 PM,2
CSC 0313,Saturday,1:00 PM,3:00 PM,2
CSC 0313,Saturday,3:00 PM,5:00 PM,2
CSC 0313,Saturday,5:00 PM,7:00 PM,2
CSC 0313,Saturday,7:00 PM,9:00 PM,2
CSC 0313.1,Monday,7:00 AM,8:00 AM,1
CSC 0313.1,Monday,8:00 AM,9:00 AM,1
CSC 0313.1,Monday,9:00 AM,10:00 AM,1
CSC 0313.1,Monday,10:00 AM,11:00 AM,1
CSC 0313.1,Monday,11:00 AM,12:00 PM,1
CSC 0313.1,Monday,12:00 PM,1:00 PM,1
CSC 0313.1,Monday,1:00 PM,2:00 PM,1
CSC 0313.1,Monday,2:00 PM,3:00 PM,1
CSC 0313.1,Monday,3:00 PM,4:00 PM,1
CSC 0313.1,Monday,4:00 PM,5:00 PM,1
CSC 0313.1,Monday,5:00 PM,6:00 PM,1
CSC 0313.1,Monday,6:00 PM,7:00 PM,1
CSC 0313.1,Monday,7:00 PM,8:00 PM,1
CSC 0313.1,Monday,8:00 PM,9:00 PM,1
CSC 0313.1,Tuesday,7:00 AM,8:00 AM,1
CSC 0313.1,Tuesday,8:00 AM,9:00 AM,1
CSC 0313.1,Tuesday,9:00 AM,10:00 AM,1
CSC 0313.1,Tuesday,10:00 AM,11:00 AM,1
CSC 0313.1,Tuesday,11:00 AM,12:00 PM,1
CSC 0313.1,Tuesday,12:00 PM,1:00 PM,1
CSC 0313.1,Tuesday,1:00 PM,2:00 PM,1
CSC 0313.1,Tuesday,2:00 PM,3:00 PM,1
CSC 0313.1,Tuesday,3:00 PM,4:00 PM,1
CSC 0313.1,Tuesday,4:00 PM,5:00 PM,1
CSC 0313.1,Tuesday,5:00 PM,6:00 PM,1
CSC 0313.1,Tuesday,6:00 PM,7:00 PM,1
CSC 0313.1,Tuesday,7:00 PM,8:00 PM,1
CSC 0313.1,Tuesday,8:00 PM,9:00 PM,1
CSC 0313.1,Wednesday,7:00 AM,8:00 AM,1
CSC 0313.1,Wednesday,8:00 AM,9:00 AM,1
CSC 0313.1,Wednesday,9:00 AM,10:00 AM,1
CSC 0313.1,Wednesday,10:00 AM,11:00 AM,1
CSC 0313.1,Wednesday,11:00 AM,12:00 PM,1
CSC 0313.1,Wednesday,12:00 PM,1:00 PM,1
CSC 0313.1,Wednesday,1:00 PM,2:00 PM,1
CSC 0313.1,Wednesday,2:00 PM,3:00 PM,1
CSC 0313.1,Wednesday,3:00 PM,4:00 PM,1
CSC 0313.1,Wednesday,4:00 PM,5:00 PM,1
CSC 0313.1,Wednesday,5:00 PM,6:00 PM,1
CSC 0313.1,Wednesday,6:00 PM,7:00 PM,1
CSC 0313.1,Wednesday,7:00 PM,8:00 PM,1
CSC 0313.1,Wednesday,8:00 PM,9:00 PM,1
CSC 0313.1,Thursday,7:00 AM,8:00 AM,1
CSC 0313.1,Thursday,8:00 AM,9:00 AM,1
CSC 0313.1,Thursday,9:00 AM,10:00 AM,1
CSC 0313.1,Thursday,10:00 AM,11:00 AM,1
CSC 0313.1,Thursday,11:00 AM,12:00 PM,1
CSC 0313.1,Thursday,12:00 PM,1:00 PM,1
CSC 0313.1,Thursday,1:00 PM,2:00 PM,1
CSC 0313.1,Thursday,2:00 PM,3:00 PM,1
CSC 0313.1,Thursday,3:00 PM,4:00 PM,1
CSC 0313.1,Thursday,4:00 PM,5:00 PM,1
CSC 0313.1,Thursday,5:00 PM,6:00 PM,1
CSC 0313.1,Thursday,6:00 PM,7:00 PM,1
CSC 0313.1,Thursday,7:00 PM,8:00 PM,1
CSC 0313.1,Thursday,8:00 PM,9:00 PM,1
CSC 0313.1,Friday,7:00 AM,8:00 AM,1
CSC 0313.1,Friday,8:00 AM,9:00 AM,1
CSC 0313.1,Friday,9:00 AM,10:00 AM,1
CSC 0313.1,Friday,10:00 AM,11:00 AM,1
CSC 0313.1,Friday,11:00 AM,12:00 PM,1
CSC 0313.1,Friday,12:00 PM,1:00 PM,1
CSC 0313.1,Friday,1:00 PM,2:00 PM,1
CSC 0313.1,Friday,2:00 PM,3:00 PM,1
CSC 0313.1,Friday,3:00 PM,4:00 PM,1
CSC 0313.1,Friday,4:00 PM,5:00 PM,1
CSC 0313.1,Friday,5:00 PM,6:00 PM,1
CSC 0313.1,Friday,6:00 PM,7:00 PM,1
CSC 0313.1,Friday,7:00 PM,8:00 PM,1
CSC 0313.1,Friday,8:00 PM,9:00 PM,1
CSC 0313.1,Saturday,7:00 AM,8:00 AM,1
CSC 0313.1,Saturday,8:00 AM,9:00 AM,1
CSC 0313.1,Saturday,9:00 AM,10:00 AM,1
CSC 0313.1,Saturday,10:00 AM,11:00 AM,1
CSC 0313.1,Saturday,11:00 AM,12:00 PM,1
CSC 0313.1,Saturday,12:00 PM,1:00 PM,1
CSC 0313.1,Saturday,1:00 PM,2:00 PM,1
CSC 0313.1,Saturday,2:00 PM,3:00 PM,1
CSC 0313.1,Saturday,3:00 PM,4:00 PM,1
CSC 0313.1,Saturday,4:00 PM,5:00 PM,1
CSC 0313.1,Saturday,5:00 PM,6:00 PM,1
CSC 0313.1,Saturday,6:00 PM,7:00 PM,1
CSC 0313.1,Saturday,7:00 PM,8:00 PM,1
CSC 0313.1,Saturday,8:00 PM,9:00 PM,1
CSC 0314,Monday,7:00 AM,9:00 AM,2
CSC 0314,Monday,9:00 AM,11:00 AM,2
CSC 0314,Monday,11:00 AM,1:00 PM,2
CSC 0314,Monday,1:00 PM,3:00 PM,2
CSC 0314,Monday,3:00 PM,5:00 PM,2
CSC 0314,Monday,5:00 PM,7:00 PM,2
CSC 0314,Monday,7:00 PM,9:00 PM,2
CSC 0314,Tuesday,7:00 AM,9:00 AM,2
CSC 0314,Tuesday,9:00 AM,11:00 AM,2
CSC 0314,Tuesday,11:00 AM,1:00 PM,2
CSC 0314,Tuesday,1:00 PM,3:00 PM,2
CSC 0314,Tuesday,3:00 PM,5:00 PM,2
CSC 0314,Tuesday,5:00 PM,7:00 PM,2
CSC 0314,Tuesday,7:00 PM,9:00 PM,2
CSC 0314,Wednesday,7:00 AM,9:00 AM,2
CSC 0314,Wednesday,9:00 AM,11:00 AM,2
CSC 0314,Wednesday,11:00 AM,1:00 PM,2
CSC 0314,Wednesday,1:00 PM,3:00 PM,2
CSC 0314,Wednesday,3:00 PM,5:00 PM,2
CSC 0314,Wednesday,5:00 PM,7:00 PM,2
CSC 0314,Wednesday,7:00 PM,9:00 PM,2
CSC 0314,Thursday,7:00 AM,9:00 AM,2
CSC 0314,Thursday,9:00 AM,11:00 AM,2
CSC 0314,Thursday,11:00 AM,1:00 PM,2
CSC 0314,Thursday,1:00 PM,3:00 PM,2
CSC 0314,Thursday,3:00 PM,5:00 PM,2
CSC 0314,Thursday,5:00 PM,7:00 PM,2
CSC 0314,Thursday,7:00 PM,9:00 PM,2
CSC 0314,Friday,7:00 AM,9:00 AM,2
CSC 0314,Friday,9:00 AM,11:00 AM,2
CSC 0314,Friday,11:00 AM,1:00 PM,2
CSC 0314,Friday,1:00 PM,3:00 PM,2
CSC 0314,Friday,3:00 PM,5:00 PM,2
CSC 0314,Friday,5:00 PM,7:00 PM,2
CSC 0314,Friday,7:00 PM,9:00 PM,2
CSC 0314,Saturday,7:00 AM,9:00 AM,2
CSC 0314,Saturday,9:00 AM,11:00 AM,2
CSC 0314,Saturday,11:00 AM,1:00 PM,2
CSC 0314,Saturday,1:00 PM,3:00 PM,2
CSC 0314,Saturday,3:00 PM,5:00 PM,2
CSC 0314,Saturday,5:00 PM,7:00 PM,2
CSC 0314,Saturday,7:00 PM,9:00 PM,2
CSC 0314.1,Monday,7:00 AM,8:00 AM,1
CSC 0314.1,Monday,8:00 AM,9:00 AM,1
CSC 0314.1,Monday,9:00 AM,10:00 AM,1
CSC 0314.1,Monday,10:00 AM,11:00 AM,1
CSC 0314.1,Monday,11:00 AM,12:00 PM,1
CSC 0314.1,Monday,12:00 PM,1:00 PM,1
CSC 0314.1,Monday,1:00 PM,2:00 PM,1
CSC 0314.1,Monday,2:00 PM,3:00 PM,1
CSC 0314.1,Monday,3:00 PM,4:00 PM,1
CSC 0314.1,Monday,4:00 PM,5:00 PM,1
CSC 0314.1,Monday,5:00 PM,6:00 PM,1
CSC 0314.1,Monday,6:00 PM,7:00 PM,1
CSC 0314.1,Monday,7:00 PM,8:00 PM,1
CSC 0314.1,Monday,8:00 PM,9:00 PM,1
CSC 0314.1,Tuesday,7:00 AM,8:00 AM,1
CSC 0314.1,Tuesday,8:00 AM,9:00 AM,1
CSC 0314.1,Tuesday,9:00 AM,10:00 AM,1
CSC 0314.1,Tuesday,10:00 AM,11:00 AM,1
CSC 0314.1,Tuesday,11:00 AM,12:00 PM,1
CSC 0314.1,Tuesday,12:00 PM,1:00 PM,1
CSC 0314.1,Tuesday,1:00 PM,2:00 PM,1
CSC 0314.1,Tuesday,2:00 PM,3:00 PM,1
CSC 0314.1,Tuesday,3:00 PM,4:00 PM,1
CSC 0314.1,Tuesday,4:00 PM,5:00 PM,1
CSC 0314.1,Tuesday,5:00 PM,6:00 PM,1
CSC 0314.1,Tuesday,6:00 PM,7:00 PM,1
CSC 0314.1,Tuesday,7:00 PM,8:00 PM,1
CSC 0314.1,Tuesday,8:00 PM,9:00 PM,1
CSC 0314.1,Wednesday,7:00 AM,8:00 AM,1
CSC 0314.1,Wednesday,8:00 AM,9:00 AM,1
CSC 0314.1,Wednesday,9:00 AM,10:00 AM,1
CSC 0314.1,Wednesday,10:00 AM,11:00 AM,1
CSC 0314.1,Wednesday,11:00 AM,12:00 PM,1
CSC 0314.1,Wednesday,12:00 PM,1:00 PM,1
CSC 0314.1,Wednesday,1:00 PM,2:00 PM,1
CSC 0314.1,Wednesday,2:00 PM,3:00 PM,1
CSC 0314.1,Wednesday,3:00 PM,4:00 PM,1
CSC 0314.1,Wednesday,4:00 PM,5:00 PM,1
CSC 0314.1,Wednesday,5:00 PM,6:00 PM,1
CSC 0314.1,Wednesday,6:00 PM,7:00 PM,1
CSC 0314.1,Wednesday,7:00 PM,8:00 PM,1
CSC 0314.1,Wednesday,8:00 PM,9:00 PM,1
CSC 0314.1,Thursday,7:00 AM,8:00 AM,1
CSC 0314.1,Thursday,8:00 AM,9:00 AM,1
CSC 0314.1,Thursday,9:00 AM,10:00 AM,1
CSC 0314.1,Thursday,10:00 AM,11:00 AM,1
CSC 0314.1,Thursday,11:00 AM,12:00 PM,1
CSC 0314.1,Thursday,12:00 PM,1:00 PM,1
CSC 0314.1,Thursday,1:00 PM,2:00 PM,1
CSC 0314.1,Thursday,2:00 PM,3:00 PM,1
CSC 0314.1,Thursday,3:00 PM,4:00 PM,1
CSC 0314.1,Thursday,4:00 PM,5:00 PM,1
CSC 0314.1,Thursday,5:00 PM,6:00 PM,1
CSC 0314.1,Thursday,6:00 PM,7:00 PM,1
CSC 0314.1,Thursday,7:00 PM,8:00 PM,1
CSC 0314.1,Thursday,8:00 PM,9:00 PM,1
CSC 0314.1,Friday,7:00 AM,8:00 AM,1
CSC 0314.1,Friday,8:00 AM,9:00 AM,1
CSC 0314.1,Friday,9:00 AM,10:00 AM,1
CSC 0314.1,Friday,10:00 AM,11:00 AM,1
CSC 0314.1,Friday,11:00 AM,12:00 PM,1
CSC 0314.1,Friday,12:00 PM,1:00 PM,1
CSC 0314.1,Friday,1:00 PM,2:00 PM,1
CSC 0314.1,Friday,2:00 PM,3:00 PM,1
CSC 0314.1,Friday,3:00 PM,4:00 PM,1
CSC 0314.1,Friday,4:00 PM,5:00 PM,1
CSC 0314.1,Friday,5:00 PM,6:00 PM,1
CSC 0314.1,Friday,6:00 PM,7:00 PM,1
CSC 0314.1,Friday,7:00 PM,8:00 PM,1
CSC 0314.1,Friday,8:00 PM,9:00 PM,1
CSC 0314.1,Saturday,7:00 AM,8:00 AM,1
CSC 0314.1,Saturday,8:00 AM,9:00 AM,1
CSC 0314.1,Saturday,9:00 AM,10:00 AM,1
CSC 0314.1,Saturday,10:00 AM,11:00 AM,1
CSC 0314.1,Saturday,11:00 AM,12:00 PM,1
CSC 0314.1,Saturday,12:00 PM,1:00 PM,1
CSC 0314.1,Saturday,1:00 PM,2:00 PM,1
CSC 0314.1,Saturday,2:00 PM,3:00 PM,1
CSC 0314.1,Saturday,3:00 PM,4:00 PM,1
CSC 0314.1,Saturday,4:00 PM,5:00 PM,1
CSC 0314.1,Saturday,5:00 PM,6:00 PM,1
CSC 0314.1,Saturday,6:00 PM,7:00 PM,1
CSC 0314.1,Saturday,7:00 PM,8:00 PM,1
CSC 0314.1,Saturday,8:00 PM,9:00 PM,1
CSC 0315,Monday,7:00 AM,9:00 AM,2
CSC 0315,Monday,9:00 AM,11:00 AM,2
CSC 0315,Monday,11:00 AM,1:00 PM,2
CSC 0315,Monday,1:00 PM,3:00 PM,2
CSC 0315,Monday,3:00 PM,5:00 PM,2
CSC 0315,Monday,5:00 PM,7:00 PM,2
CSC 0315,Monday,7:00 PM,9:00 PM,2
CSC 0315,Tuesday,7:00 AM,9:00 AM,2
CSC 0315,Tuesday,9:00 AM,11:00 AM,2
CSC 0315,Tuesday,11:00 AM,1:00 PM,2
CSC 0315,Tuesday,1:00 PM,3:00 PM,2
CSC 0315,Tuesday,3:00 PM,5:00 PM,2
CSC 0315,Tuesday,5:00 PM,7:00 PM,2
CSC 0315,Tuesday,7:00 PM,9:00 PM,2
CSC 0315,Wednesday,7:00 AM,9:00 AM,2
CSC 0315,Wednesday,9:00 AM,11:00 AM,2
CSC 0315,Wednesday,11:00 AM,1:00 PM,2
CSC 0315,Wednesday,1:00 PM,3:00 PM,2
CSC 0315,Wednesday,3:00 PM,5:00 PM,2
CSC 0315,Wednesday,5:00 PM,7:00 PM,2
CSC 0315,Wednesday,7:00 PM,9:00 PM,2
CSC 0315,Thursday,7:00 AM,9:00 AM,2
CSC 0315,Thursday,9:00 AM,11:00 AM,2
CSC 0315,Thursday,11:00 AM,1:00 PM,2
CSC 0315,Thursday,1:00 PM,3:00 PM,2
CSC 0315,Thursday,3:00 PM,5:00 PM,2
CSC 0315,Thursday,5:00 PM,7:00 PM,2
CSC 0315,Thursday,7:00 PM,9:00 PM,2
CSC 0315,Friday,7:00 AM,9:00 AM,2
CSC 0315,Friday,9:00 AM,11:00 AM,2
CSC 0315,Friday,11:00 AM,1:00 PM,2
CSC 0315,Friday,1:00 PM,3:00 PM,2
CSC 0315,Friday,3:00 PM,5:00 PM,2
CSC 0315,Friday,5:00 PM,7:00 PM,2
CSC 0315,Friday,7:00 PM,9:00 PM,2
CSC 0315,Saturday,7:00 AM,9:00 AM,2
CSC 0315,Saturday,9:00 AM,11:00 AM,2
CSC 0315,Saturday,11:00 AM,1:00 PM,2
CSC 0315,Saturday,1:00 PM,3:00 PM,2
CSC 0315,Saturday,3:00 PM,5:00 PM,2
CSC 0315,Saturday,5:00 PM,7:00 PM,2
CSC 0315,Saturday,7:00 PM,9:00 PM,2
CSC 0315.1,Monday,7:00 AM,8:00 AM,1
CSC 0315.1,Monday,8:00 AM,9:00 AM,1
CSC 0315.1,Monday,9:00 AM,10:00 AM,1
CSC 0315.1,Monday,10:00 AM,11:00 AM,1
CSC 0315.1,Monday,11:00 AM,12:00 PM,1
CSC 0315.1,Monday,12:00 PM,1:00 PM,1
CSC 0315.1,Monday,1:00 PM,2:00 PM,1
CSC 0315.1,Monday,2:00 PM,3:00 PM,1
CSC 0315.1,Monday,3:00 PM,4:00 PM,1
CSC 0315.1,Monday,4:00 PM,5:00 PM,1
CSC 0315.1,Monday,5:00 PM,6:00 PM,1
CSC 0315.1,Monday,6:00 PM,7:00 PM,1
CSC 0315.1,Monday,7:00 PM,8:00 PM,1
CSC 0315.1,Monday,8:00 PM,9:00 PM,1
CSC 0315.1,Tuesday,7:00 AM,8:00 AM,1
CSC 0315.1,Tuesday,8:00 AM,9:00 AM,1
CSC 0315.1,Tuesday,9:00 AM,10:00 AM,1
CSC 0315.1,Tuesday,10:00 AM,11:00 AM,1
CSC 0315.1,Tuesday,11:00 AM,12:00 PM,1
CSC 0315.1,Tuesday,12:00 PM,1:00 PM,1
CSC 0315.1,Tuesday,1:00 PM,2:00 PM,1
CSC 0315.1,Tuesday,2:00 PM,3:00 PM,1
CSC 0315.1,Tuesday,3:00 PM,4:00 PM,1
CSC 0315.1,Tuesday,4:00 PM,5:00 PM,1
CSC 0315.1,Tuesday,5:00 PM,6:00 PM,1
CSC 0315.1,Tuesday,6:00 PM,7:00 PM,1
CSC 0315.1,Tuesday,7:00 PM,8:00 PM,1
CSC 0315.1,Tuesday,8:00 PM,9:00 PM,1
CSC 0315.1,Wednesday,7:00 AM,8:00 AM,1
CSC 0315.1,Wednesday,8:00 AM,9:00 AM,1
CSC 0315.1,Wednesday,9:00 AM,10:00 AM,1
CSC 0315.1,Wednesday,10:00 AM,11:00 AM,1
CSC 0315.1,Wednesday,11:00 AM,12:00 PM,1
CSC 0315.1,Wednesday,12:00 PM,1:00 PM,1
CSC 0315.1,Wednesday,1:00 PM,2:00 PM,1
CSC 0315.1,Wednesday,2:00 PM,3:00 PM,1
CSC 0315.1,Wednesday,3:00 PM,4:00 PM,1
CSC 0315.1,Wednesday,4:00 PM,5:00 PM,1
CSC 0315.1,Wednesday,5:00 PM,6:00 PM,1
CSC 0315.1,Wednesday,6:00 PM,7:00 PM,1
CSC 0315.1,Wednesday,7:00 PM,8:00 PM,1
CSC 0315.1,Wednesday,8:00 PM,9:00 PM,1
CSC 0315.1,Thursday,7:00 AM,8:00 AM,1
CSC 0315.1,Thursday,8:00 AM,9:00 AM,1
CSC 0315.1,Thursday,9:00 AM,10:00 AM,1
CSC 0315.1,Thursday,10:00 AM,11:00 AM,1
CSC 0315.1,Thursday,11:00 AM,12:00 PM,1
CSC 0315.1,Thursday,12:00 PM,1:00 PM,1
CSC 0315.1,Thursday,1:00 PM,2:00 PM,1
CSC 0315.1,Thursday,2:00 PM,3:00 PM,1
CSC 0315.1,Thursday,3:00 PM,4:00 PM,1
CSC 0315.1,Thursday,4:00 PM,5:00 PM,1
CSC 0315.1,Thursday,5:00 PM,6:00 PM,1
CSC 0315.1,Thursday,6:00 PM,7:00 PM,1
CSC 0315.1,Thursday,7:00 PM,8:00 PM,1
CSC 0315.1,Thursday,8:00 PM,9:00 PM,1
CSC 0315.1,Friday,7:00 AM,8:00 AM,1
CSC 0315.1,Friday,8:00 AM,9:00 AM,1
CSC 0315.1,Friday,9:00 AM,10:00 AM,1
CSC 0315.1,Friday,10:00 AM,11:00 AM,1
CSC 0315.1,Friday,11:00 AM,12:00 PM,1
CSC 0315.1,Friday,12:00 PM,1:00 PM,1
CSC 0315.1,Friday,1:00 PM,2:00 PM,1
CSC 0315.1,Friday,2:00 PM,3:00 PM,1
CSC 0315.1,Friday,3:00 PM,4:00 PM,1
CSC 0315.1,Friday,4:00 PM,5:00 PM,1
CSC 0315.1,Friday,5:00 PM,6:00 PM,1
CSC 0315.1,Friday,6:00 PM,7:00 PM,1
CSC 0315.1,Friday,7:00 PM,8:00 PM,1
CSC 0315.1,Friday,8:00 PM,9:00 PM,1
CSC 0315.1,Saturday,7:00 AM,8:00 AM,1
CSC 0315.1,Saturday,8:00 AM,9:00 AM,1
CSC 0315.1,Saturday,9:00 AM,10:00 AM,1
CSC 0315.1,Saturday,10:00 AM,11:00 AM,1
CSC 0315.1,Saturday,11:00 AM,12:00 PM,1
CSC 0315.1,Saturday,12:00 PM,1:00 PM,1
CSC 0315.1,Saturday,1:00 PM,2:00 PM,1
CSC 0315.1,Saturday,2:00 PM,3:00 PM,1
CSC 0315.1,Saturday,3:00 PM,4:00 PM,1
CSC 0315.1,Saturday,4:00 PM,5:00 PM,1
CSC 0315.1,Saturday,5:00 PM,6:00 PM,1
CSC 0315.1,Saturday,6:00 PM,7:00 PM,1
CSC 0315.1,Saturday,7:00 PM,8:00 PM,1
CSC 0315.1,Saturday,8:00 PM,9:00 PM,1
CSC 0316,Monday,7:00 AM,10:00 AM,3
CSC 0316,Monday,10:00 AM,1:00 PM,3
CSC 0316,Monday,1:00 PM,4:00 PM,3
CSC 0316,Monday,4:00 PM,7:00 PM,3
CSC 0316,Tuesday,7:00 AM,10:00 AM,3
CSC 0316,Tuesday,10:00 AM,1:00 PM,3
CSC 0316,Tuesday,1:00 PM,4:00 PM,3
CSC 0316,Tuesday,4:00 PM,7:00 PM,3
CSC 0316,Wednesday,7:00 AM,10:00 AM,3
CSC 0316,Wednesday,10:00 AM,1:00 PM,3
CSC 0316,Wednesday,1:00 PM,4:00 PM,3
CSC 0316,Wednesday,4:00 PM,7:00 PM,3
CSC 0316,Thursday,7:00 AM,10:00 AM,3
CSC 0316,Thursday,10:00 AM,1:00 PM,3
CSC 0316,Thursday,1:00 PM,4:00 PM,3
CSC 0316,Thursday,4:00 PM,7:00 PM,3
CSC 0316,Friday,7:00 AM,10:00 AM,3
CSC 0316,Friday,10:00 AM,1:00 PM,3
CSC 0316,Friday,1:00 PM,4:00 PM,3
CSC 0316,Friday,4:00 PM,7:00 PM,3
CSC 0316,Saturday,7:00 AM,10:00 AM,3
CSC 0316,Saturday,10:00 AM,1:00 PM,3
CSC 0316,Saturday,1:00 PM,4:00 PM,3
CSC 0316,Saturday,4:00 PM,7:00 PM,3
CSC 0321,Monday,7:00 AM,9:00 AM,2
CSC 0321,Monday,9:00 AM,11:00 AM,2
CSC 0321,Monday,11:00 AM,1:00 PM,2
CSC 0321,Monday,1:00 PM,3:00 PM,2
CSC 0321,Monday,3:00 PM,5:00 PM,2
CSC 0321,Monday,5:00 PM,7:00 PM,2
CSC 0321,Monday,7:00 PM,9:00 PM,2
CSC 0321,Tuesday,7:00 AM,9:00 AM,2
CSC 0321,Tuesday,9:00 AM,11:00 AM,2
CSC 0321,Tuesday,11:00 AM,1:00 PM,2
CSC 0321,Tuesday,1:00 PM,3:00 PM,2
CSC 0321,Tuesday,3:00 PM,5:00 PM,2
CSC 0321,Tuesday,5:00 PM,7:00 PM,2
CSC 0321,Tuesday,7:00 PM,9:00 PM,2
CSC 0321,Wednesday,7:00 AM,9:00 AM,2
CSC 0321,Wednesday,9:00 AM,11:00 AM,2
CSC 0321,Wednesday,11:00 AM,1:00 PM,2
CSC 0321,Wednesday,1:00 PM,3:00 PM,2
CSC 0321,Wednesday,3:00 PM,5:00 PM,2
CSC 0321,Wednesday,5:00 PM,7:00 PM,2
CSC 0321,Wednesday,7:00 PM,9:00 PM,2
CSC 0321,Thursday,7:00 AM,9:00 AM,2
CSC 0321,Thursday,9:00 AM,11:00 AM,2
CSC 0321,Thursday,11:00 AM,1:00 PM,2
CSC 0321,Thursday,1:00 PM,3:00 PM,2
CSC 0321,Thursday,3:00 PM,5:00 PM,2
CSC 0321,Thursday,5:00 PM,7:00 PM,2
CSC 0321,Thursday,7:00 PM,9:00 PM,2
CSC 0321,Friday,7:00 AM,9:00 AM,2
CSC 0321,Friday,9:00 AM,11:00 AM,2
CSC 0321,Friday,11:00 AM,1:00 PM,2
CSC 0321,Friday,1:00 PM,3:00 PM,2
CSC 0321,Friday,3:00 PM,5:00 PM,2
CSC 0321,Friday,5:00 PM,7:00 PM,2
CSC 0321,Friday,7:00 PM,9:00 PM,2
CSC 0321,Saturday,7:00 AM,9:00 AM,2
CSC 0321,Saturday,9:00 AM,11:00 AM,2
CSC 0321,Saturday,11:00 AM,1:00 PM,2
CSC 0321,Saturday,1:00 PM,3:00 PM,2
CSC 0321,Saturday,3:00 PM,5:00 PM,2
CSC 0321,Saturday,5:00 PM,7:00 PM,2
CSC 0321,Saturday,7:00 PM,9:00 PM,2
CSC 0321.1,Monday,7:00 AM,8:00 AM,1
CSC 0321.1,Monday,8:00 AM,9:00 AM,1
CSC 0321.1,Monday,9:00 AM,10:00 AM,1
CSC 0321.1,Monday,10:00 AM,11:00 AM,1
CSC 0321.1,Monday,11:00 AM,12:00 PM,1
CSC 0321.1,Monday,12:00 PM,1:00 PM,1
CSC 0321.1,Monday,1:00 PM,2:00 PM,1
CSC 0321.1,Monday,2:00 PM,3:00 PM,1
CSC 0321.1,Monday,3:00 PM,4:00 PM,1
CSC 0321.1,Monday,4:00 PM,5:00 PM,1
CSC 0321.1,Monday,5:00 PM,6:00 PM,1
CSC 0321.1,Monday,6:00 PM,7:00 PM,1
CSC 0321.1,Monday,7:00 PM,8:00 PM,1
CSC 0321.1,Monday,8:00 PM,9:00 PM,1
CSC 0321.1,Tuesday,7:00 AM,8:00 AM,1
CSC 0321.1,Tuesday,8:00 AM,9:00 AM,1
CSC 0321.1,Tuesday,9:00 AM,10:00 AM,1
CSC 0321.1,Tuesday,10:00 AM,11:00 AM,1
CSC 0321.1,Tuesday,11:00 AM,12:00 PM,1
CSC 0321.1,Tuesday,12:00 PM,1:00 PM,1
CSC 0321.1,Tuesday,1:00 PM,2:00 PM,1
CSC 0321.1,Tuesday,2:00 PM,3:00 PM,1
CSC 0321.1,Tuesday,3:00 PM,4:00 PM,1
CSC 0321.1,Tuesday,4:00 PM,5:00 PM,1
CSC 0321.1,Tuesday,5:00 PM,6:00 PM,1
CSC 0321.1,Tuesday,6:00 PM,7:00 PM,1
CSC 0321.1,Tuesday,7:00 PM,8:00 PM,1
CSC 0321.1,Tuesday,8:00 PM,9:00 PM,1
CSC 0321.1,Wednesday,7:00 AM,8:00 AM,1
CSC 0321.1,Wednesday,8:00 AM,9:00 AM,1
CSC 0321.1,Wednesday,9:00 AM,10:00 AM,1
CSC 0321.1,Wednesday,10:00 AM,11:00 AM,1
CSC 0321.1,Wednesday,11:00 AM,12:00 PM,1
CSC 0321.1,Wednesday,12:00 PM,1:00 PM,1
CSC 0321.1,Wednesday,1:00 PM,2:00 PM,1
CSC 0321.1,Wednesday,2:00 PM,3:00 PM,1
CSC 0321.1,Wednesday,3:00 PM,4:00 PM,1
CSC 0321.1,Wednesday,4:00 PM,5:00 PM,1
CSC 0321.1,Wednesday,5:00 PM,6:00 PM,1
CSC 0321.1,Wednesday,6:00 PM,7:00 PM,1
CSC 0321.1,Wednesday,7:00 PM,8:00 PM,1
CSC 0321.1,Wednesday,8:00 PM,9:00 PM,1
CSC 0321.1,Thursday,7:00 AM,8:00 AM,1
CSC 0321.1,Thursday,8:00 AM,9:00 AM,1
CSC 0321.1,Thursday,9:00 AM,10:00 AM,1
CSC 0321.1,Thursday,10:00 AM,11:00 AM,1
CSC 0321.1,Thursday,11:00 AM,12:00 PM,1
CSC 0321.1,Thursday,12:00 PM,1:00 PM,1
CSC 0321.1,Thursday,1:00 PM,2:00 PM,1
CSC 0321.1,Thursday,2:00 PM,3:00 PM,1
CSC 0321.1,Thursday,3:00 PM,4:00 PM,1
CSC 0321.1,Thursday,4:00 PM,5:00 PM,1
CSC 0321.1,Thursday,5:00 PM,6:00 PM,1
CSC 0321.1,Thursday,6:00 PM,7:00 PM,1
CSC 0321.1,Thursday,7:00 PM,8:00 PM,1
CSC 0321.1,Thursday,8:00 PM,9:00 PM,1
CSC 0321.1,Friday,7:00 AM,8:00 AM,1
CSC 0321.1,Friday,8:00 AM,9:00 AM,1
CSC 0321.1,Friday,9:00 AM,10:00 AM,1
CSC 0321.1,Friday,10:00 AM,11:00 AM,1
CSC 0321.1,Friday,11:00 AM,12:00 PM,1
CSC 0321.1,Friday,12:00 PM,1:00 PM,1
CSC 0321.1,Friday,1:00 PM,2:00 PM,1
CSC 0321.1,Friday,2:00 PM,3:00 PM,1
CSC 0321.1,Friday,3:00 PM,4:00 PM,1
CSC 0321.1,Friday,4:00 PM,5:00 PM,1
CSC 0321.1,Friday,5:00 PM,6:00 PM,1
CSC 0321.1,Friday,6:00 PM,7:00 PM,1
CSC 0321.1,Friday,7:00 PM,8:00 PM,1
CSC 0321.1,Friday,8:00 PM,9:00 PM,1
CSC 0321.1,Saturday,7:00 AM,8:00 AM,1
CSC 0321.1,Saturday,8:00 AM,9:00 AM,1
CSC 0321.1,Saturday,9:00 AM,10:00 AM,1
CSC 0321.1,Saturday,10:00 AM,11:00 AM,1
CSC 0321.1,Saturday,11:00 AM,12:00 PM,1
CSC 0321.1,Saturday,12:00 PM,1:00 PM,1
CSC 0321.1,Saturday,1:00 PM,2:00 PM,1
CSC 0321.1,Saturday,2:00 PM,3:00 PM,1
CSC 0321.1,Saturday,3:00 PM,4:00 PM,1
CSC 0321.1,Saturday,4:00 PM,5:00 PM,1
CSC 0321.1,Saturday,5:00 PM,6:00 PM,1
CSC 0321.1,Saturday,6:00 PM,7:00 PM,1
CSC 0321.1,Saturday,7:00 PM,8:00 PM,1
CSC 0321.1,Saturday,8:00 PM,9:00 PM,1
CSC 0322,Monday,7:00 AM,9:00 AM,2
CSC 0322,Monday,9:00 AM,11:00 AM,2
CSC 0322,Monday,11:00 AM,1:00 PM,2
CSC 0322,Monday,1:00 PM,3:00 PM,2
CSC 0322,Monday,3:00 PM,5:00 PM,2
CSC 0322,Monday,5:00 PM,7:00 PM,2
CSC 0322,Monday,7:00 PM,9:00 PM,2
CSC 0322,Tuesday,7:00 AM,9:00 AM,2
CSC 0322,Tuesday,9:00 AM,11:00 AM,2
CSC 0322,Tuesday,11:00 AM,1:00 PM,2
CSC 0322,Tuesday,1:00 PM,3:00 PM,2
CSC 0322,Tuesday,3:00 PM,5:00 PM,2
CSC 0322,Tuesday,5:00 PM,7:00 PM,2
CSC 0322,Tuesday,7:00 PM,9:00 PM,2
CSC 0322,Wednesday,7:00 AM,9:00 AM,2
CSC 0322,Wednesday,9:00 AM,11:00 AM,2
CSC 0322,Wednesday,11:00 AM,1:00 PM,2
CSC 0322,Wednesday,1:00 PM,3:00 PM,2
CSC 0322,Wednesday,3:00 PM,5:00 PM,2
CSC 0322,Wednesday,5:00 PM,7:00 PM,2
CSC 0322,Wednesday,7:00 PM,9:00 PM,2
CSC 0322,Thursday,7:00 AM,9:00 AM,2
CSC 0322,Thursday,9:00 AM,11:00 AM,2
CSC 0322,Thursday,11:00 AM,1:00 PM,2
CSC 0322,Thursday,1:00 PM,3:00 PM,2
CSC 0322,Thursday,3:00 PM,5:00 PM,2
CSC 0322,Thursday,5:00 PM,7:00 PM,2
CSC 0322,Thursday,7:00 PM,9:00 PM,2
CSC 0322,Friday,7:00 AM,9:00 AM,2
CSC 0322,Friday,9:00 AM,11:00 AM,2
CSC 0322,Friday,11:00 AM,1:00 PM,2
CSC 0322,Friday,1:00 PM,3:00 PM,2
CSC 0322,Friday,3:00 PM,5:00 PM,2
CSC 0322,Friday,5:00 PM,7:00 PM,2
CSC 0322,Friday,7:00 PM,9:00 PM,2
CSC 0322,Saturday,7:00 AM,9:00 AM,2
CSC 0322,Saturday,9:00 AM,11:00 AM,2
CSC 0322,Saturday,11:00 AM,1:00 PM,2
CSC 0322,Saturday,1:00 PM,3:00 PM,2
CSC 0322,Saturday,3:00 PM,5:00 PM,2
CSC 0322,Saturday,5:00 PM,7:00 PM,2
CSC 0322,Saturday,7:00 PM,9:00 PM,2
CSC 0322.1,Monday,7:00 AM,8:00 AM,1
CSC 0322.1,Monday,8:00 AM,9:00 AM,1
CSC 0322.1,Monday,9:00 AM,10:00 AM,1
CSC 0322.1,Monday,10:00 AM,11:00 AM,1
CSC 0322.1,Monday,11:00 AM,12:00 PM,1
CSC 0322.1,Monday,12:00 PM,1:00 PM,1
CSC 0322.1,Monday,1:00 PM,2:00 PM,1
CSC 0322.1,Monday,2:00 PM,3:00 PM,1
CSC 0322.1,Monday,3:00 PM,4:00 PM,1
CSC 0322.1,Monday,4:00 PM,5:00 PM,1
CSC 0322.1,Monday,5:00 PM,6:00 PM,1
CSC 0322.1,Monday,6:00 PM,7:00 PM,1
CSC 0322.1,Monday,7:00 PM,8:00 PM,1
CSC 0322.1,Monday,8:00 PM,9:00 PM,1
CSC 0322.1,Tuesday,7:00 AM,8:00 AM,1
CSC 0322.1,Tuesday,8:00 AM,9:00 AM,1
CSC 0322.1,Tuesday,9:00 AM,10:00 AM,1
CSC 0322.1,Tuesday,10:00 AM,11:00 AM,1
CSC 0322.1,Tuesday,11:00 AM,12:00 PM,1
CSC 0322.1,Tuesday,12:00 PM,1:00 PM,1
CSC 0322.1,Tuesday,1:00 PM,2:00 PM,1
CSC 0322.1,Tuesday,2:00 PM,3:00 PM,1
CSC 0322.1,Tuesday,3:00 PM,4:00 PM,1
CSC 0322.1,Tuesday,4:00 PM,5:00 PM,1
CSC 0322.1,Tuesday,5:00 PM,6:00 PM,1
CSC 0322.1,Tuesday,6:00 PM,7:00 PM,1
CSC 0322.1,Tuesday,7:00 PM,8:00 PM,1
CSC 0322.1,Tuesday,8:00 PM,9:00 PM,1
CSC 0322.1,Wednesday,7:00 AM,8:00 AM,1
CSC 0322.1,Wednesday,8:00 AM,9:00 AM,1
CSC 0322.1,Wednesday,9:00 AM,10:00 AM,1
CSC 0322.1,Wednesday,10:00 AM,11:00 AM,1
CSC 0322.1,Wednesday,11:00 AM,12:00 PM,1
CSC 0322.1,Wednesday,12:00 PM,1:00 PM,1
CSC 0322.1,Wednesday,1:00 PM,2:00 PM,1
CSC 0322.1,Wednesday,2:00 PM,3:00 PM,1
CSC 0322.1,Wednesday,3:00 PM,4:00 PM,1
CSC 0322.1,Wednesday,4:00 PM,5:00 PM,1
CSC 0322.1,Wednesday,5:00 PM,6:00 PM,1
CSC 0322.1,Wednesday,6:00 PM,7:00 PM,1
CSC 0322.1,Wednesday,7:00 PM,8:00 PM,1
CSC 0322.1,Wednesday,8:00 PM,9:00 PM,1
CSC 0322.1,Thursday,7:00 AM,8:00 AM,1
CSC 0322.1,Thursday,8:00 AM,9:00 AM,1
CSC 0322.1,Thursday,9:00 AM,10:00 AM,1
CSC 0322.1,Thursday,10:00 AM,11:00 AM,1
CSC 0322.1,Thursday,11:00 AM,12:00 PM,1
CSC 0322.1,Thursday,12:00 PM,1:00 PM,1
CSC 0322.1,Thursday,1:00 PM,2:00 PM,1
CSC 0322.1,Thursday,2:00 PM,3:00 PM,1
CSC 0322.1,Thursday,3:00 PM,4:00 PM,1
CSC 0322.1,Thursday,4:00 PM,5:00 PM,1
CSC 0322.1,Thursday,5:00 PM,6:00 PM,1
CSC 0322.1,Thursday,6:00 PM,7:00 PM,1
CSC 0322.1,Thursday,7:00 PM,8:00 PM,1
CSC 0322.1,Thursday,8:00 PM,9:00 PM,1
CSC 0322.1,Friday,7:00 AM,8:00 AM,1
CSC 0322.1,Friday,8:00 AM,9:00 AM,1
CSC 0322.1,Friday,9:00 AM,10:00 AM,1
CSC 0322.1,Friday,10:00 AM,11:00 AM,1
CSC 0322.1,Friday,11:00 AM,12:00 PM,1
CSC 0322.1,Friday,12:00 PM,1:00 PM,1
CSC 0322.1,Friday,1:00 PM,2:00 PM,1
CSC 0322.1,Friday,2:00 PM,3:00 PM,1
CSC 0322.1,Friday,3:00 PM,4:00 PM,1
CSC 0322.1,Friday,4:00 PM,5:00 PM,1
CSC 0322.1,Friday,5:00 PM,6:00 PM,1
CSC 0322.1,Friday,6:00 PM,7:00 PM,1
CSC 0322.1,Friday,7:00 PM,8:00 PM,1
CSC 0322.1,Friday,8:00 PM,9:00 PM,1
CSC 0322.1,Saturday,7:00 AM,8:00 AM,1
CSC 0322.1,Saturday,8:00 AM,9:00 AM,1
CSC 0322.1,Saturday,9:00 AM,10:00 AM,1
CSC 0322.1,Saturday,10:00 AM,11:00 AM,1
CSC 0322.1,Saturday,11:00 AM,12:00 PM,1
CSC 0322.1,Saturday,12:00 PM,1:00 PM,1
CSC 0322.1,Saturday,1:00 PM,2:00 PM,1
CSC 0322.1,Saturday,2:00 PM,3:00 PM,1
CSC 0322.1,Saturday,3:00 PM,4:00 PM,1
CSC 0322.1,Saturday,4:00 PM,5:00 PM,1
CSC 0322.1,Saturday,5:00 PM,6:00 PM,1
CSC 0322.1,Saturday,6:00 PM,7:00 PM,1
CSC 0322.1,Saturday,7:00 PM,8:00 PM,1
CSC 0322.1,Saturday,8:00 PM,9:00 PM,1
CSC 0323,Monday,7:00 AM,9:00 AM,2
CSC 0323,Monday,9:00 AM,11:00 AM,2
CSC 0323,Monday,11:00 AM,1:00 PM,2
CSC 0323,Monday,1:00 PM,3:00 PM,2
CSC 0323,Monday,3:00 PM,5:00 PM,2
CSC 0323,Monday,5:00 PM,7:00 PM,2
CSC 0323,Monday,7:00 PM,9:00 PM,2
CSC 0323,Tuesday,7:00 AM,9:00 AM,2
CSC 0323,Tuesday,9:00 AM,11:00 AM,2
CSC 0323,Tuesday,11:00 AM,1:00 PM,2
CSC 0323,Tuesday,1:00 PM,3:00 PM,2
CSC 0323,Tuesday,3:00 PM,5:00 PM,2
CSC 0323,Tuesday,5:00 PM,7:00 PM,2
CSC 0323,Tuesday,7:00 PM,9:00 PM,2
CSC 0323,Wednesday,7:00 AM,9:00 AM,2
CSC 0323,Wednesday,9:00 AM,11:00 AM,2
CSC 0323,Wednesday,11:00 AM,1:00 PM,2
CSC 0323,Wednesday,1:00 PM,3:00 PM,2
CSC 0323,Wednesday,3:00 PM,5:00 PM,2
CSC 0323,Wednesday,5:00 PM,7:00 PM,2
CSC 0323,Wednesday,7:00 PM,9:00 PM,2
CSC 0323,Thursday,7:00 AM,9:00 AM,2
CSC 0323,Thursday,9:00 AM,11:00 AM,2
CSC 0323,Thursday,11:00 AM,1:00 PM,2
CSC 0323,Thursday,1:00 PM,3:00 PM,2
CSC 0323,Thursday,3:00 PM,5:00 PM,2
CSC 0323,Thursday,5:00 PM,7:00 PM,2
CSC 0323,Thursday,7:00 PM,9:00 PM,2
CSC 0323,Friday,7:00 AM,9:00 AM,2
CSC 0323,Friday,9:00 AM,11:00 AM,2
CSC 0323,Friday,11:00 AM,1:00 PM,2
CSC 0323,Friday,1:00 PM,3:00 PM,2
CSC 0323,Friday,3:00 PM,5:00 PM,2
CSC 0323,Friday,5:00 PM,7:00 PM,2
CSC 0323,Friday,7:00 PM,9:00 PM,2
CSC 0323,Saturday,7:00 AM,9:00 AM,2
CSC 0323,Saturday,9:00 AM,11:00 AM,2
CSC 0323,Saturday,11:00 AM,1:00 PM,2
CSC 0323,Saturday,1:00 PM,3:00 PM,2
CSC 0323,Saturday,3:00 PM,5:00 PM,2
CSC 0323,Saturday,5:00 PM,7:00 PM,2
CSC 0323,Saturday,7:00 PM,9:00 PM,2
CSC 0323.1,Monday,7:00 AM,8:00 AM,1
CSC 0323.1,Monday,8:00 AM,9:00 AM,1
CSC 0323.1,Monday,9:00 AM,10:00 AM,1
CSC 0323.1,Monday,10:00 AM,11:00 AM,1
CSC 0323.1,Monday,11:00 AM,12:00 PM,1
CSC 0323.1,Monday,12:00 PM,1:00 PM,1
CSC 0323.1,Monday,1:00 PM,2:00 PM,1
CSC 0323.1,Monday,2:00 PM,3:00 PM,1
CSC 0323.1,Monday,3:00 PM,4:00 PM,1
CSC 0323.1,Monday,4:00 PM,5:00 PM,1
CSC 0323.1,Monday,5:00 PM,6:00 PM,1
CSC 0323.1,Monday,6:00 PM,7:00 PM,1
CSC 0323.1,Monday,7:00 PM,8:00 PM,1
CSC 0323.1,Monday,8:00 PM,9:00 PM,1
CSC 0323.1,Tuesday,7:00 AM,8:00 AM,1
CSC 0323.1,Tuesday,8:00 AM,9:00 AM,1
CSC 0323.1,Tuesday,9:00 AM,10:00 AM,1
CSC 0323.1,Tuesday,10:00 AM,11:00 AM,1
CSC 0323.1,Tuesday,11:00 AM,12:00 PM,1
CSC 0323.1,Tuesday,12:00 PM,1:00 PM,1
CSC 0323.1,Tuesday,1:00 PM,2:00 PM,1
CSC 0323.1,Tuesday,2:00 PM,3:00 PM,1
CSC 0323.1,Tuesday,3:00 PM,4:00 PM,1
CSC 0323.1,Tuesday,4:00 PM,5:00 PM,1
CSC 0323.1,Tuesday,5:00 PM,6:00 PM,1
CSC 0323.1,Tuesday,6:00 PM,7:00 PM,1
CSC 0323.1,Tuesday,7:00 PM,8:00 PM,1
CSC 0323.1,Tuesday,8:00 PM,9:00 PM,1
CSC 0323.1,Wednesday,7:00 AM,8:00 AM,1
CSC 0323.1,Wednesday,8:00 AM,9:00 AM,1
CSC 0323.1,Wednesday,9:00 AM,10:00 AM,1
CSC 0323.1,Wednesday,10:00 AM,11:00 AM,1
CSC 0323.1,Wednesday,11:00 AM,12:00 PM,1
CSC 0323.1,Wednesday,12:00 PM,1:00 PM,1
CSC 0323.1,Wednesday,1:00 PM,2:00 PM,1
CSC 0323.1,Wednesday,2:00 PM,3:00 PM,1
CSC 0323.1,Wednesday,3:00 PM,4:00 PM,1
CSC 0323.1,Wednesday,4:00 PM,5:00 PM,1
CSC 0323.1,Wednesday,5:00 PM,6:00 PM,1
CSC 0323.1,Wednesday,6:00 PM,7:00 PM,1
CSC 0323.1,Wednesday,7:00 PM,8:00 PM,1
CSC 0323.1,Wednesday,8:00 PM,9:00 PM,1
CSC 0323.1,Thursday,7:00 AM,8:00 AM,1
CSC 0323.1,Thursday,8:00 AM,9:00 AM,1
CSC 0323.1,Thursday,9:00 AM,10:00 AM,1
CSC 0323.1,Thursday,10:00 AM,11:00 AM,1
CSC 0323.1,Thursday,11:00 AM,12:00 PM,1
CSC 0323.1,Thursday,12:00 PM,1:00 PM,1
CSC 0323.1,Thursday,1:00 PM,2:00 PM,1
CSC 0323.1,Thursday,2:00 PM,3:00 PM,1
CSC 0323.1,Thursday,3:00 PM,4:00 PM,1
CSC 0323.1,Thursday,4:00 PM,5:00 PM,1
CSC 0323.1,Thursday,5:00 PM,6:00 PM,1
CSC 0323.1,Thursday,6:00 PM,7:00 PM,1
CSC 0323.1,Thursday,7:00 PM,8:00 PM,1
CSC 0323.1,Thursday,8:00 PM,9:00 PM,1
CSC 0323.1,Friday,7:00 AM,8:00 AM,1
CSC 0323.1,Friday,8:00 AM,9:00 AM,1
CSC 0323.1,Friday,9:00 AM,10:00 AM,1
CSC 0323.1,Friday,10:00 AM,11:00 AM,1
CSC 0323.1,Friday,11:00 AM,12:00 PM,1
CSC 0323.1,Friday,12:00 PM,1:00 PM,1
CSC 0323.1,Friday,1:00 PM,2:00 PM,1
CSC 0323.1,Friday,2:00 PM,3:00 PM,1
CSC 0323.1,Friday,3:00 PM,4:00 PM,1
CSC 0323.1,Friday,4:00 PM,5:00 PM,1
CSC 0323.1,Friday,5:00 PM,6:00 PM,1
CSC 0323.1,Friday,6:00 PM,7:00 PM,1
CSC 0323.1,Friday,7:00 PM,8:00 PM,1
CSC 0323.1,Friday,8:00 PM,9:00 PM,1
CSC 0323.1,Saturday,7:00 AM,8:00 AM,1
CSC 0323.1,Saturday,8:00 AM,9:00 AM,1
CSC 0323.1,Saturday,9:00 AM,10:00 AM,1
CSC 0323.1,Saturday,10:00 AM,11:00 AM,1
CSC 0323.1,Saturday,11:00 AM,12:00 PM,1
CSC 0323.1,Saturday,12:00 PM,1:00 PM,1
CSC 0323.1,Saturday,1:00 PM,2:00 PM,1
CSC 0323.1,Saturday,2:00 PM,3:00 PM,1
CSC 0323.1,Saturday,3:00 PM,4:00 PM,1
CSC 0323.1,Saturday,4:00 PM,5:00 PM,1
CSC 0323.1,Saturday,5:00 PM,6:00 PM,1
CSC 0323.1,Saturday,6:00 PM,7:00 PM,1
CSC 0323.1,Saturday,7:00 PM,8:00 PM,1
CSC 0323.1,Saturday,8:00 PM,9:00 PM,1
CSC 0324,Monday,7:00 AM,9:00 AM,2
CSC 0324,Monday,9:00 AM,11:00 AM,2
CSC 0324,Monday,11:00 AM,1:00 PM,2
CSC 0324,Monday,1:00 PM,3:00 PM,2
CSC 0324,Monday,3:00 PM,5:00 PM,2
CSC 0324,Monday,5:00 PM,7:00 PM,2
CSC 0324,Monday,7:00 PM,9:00 PM,2
CSC 0324,Tuesday,7:00 AM,9:00 AM,2
CSC 0324,Tuesday,9:00 AM,11:00 AM,2
CSC 0324,Tuesday,11:00 AM,1:00 PM,2
CSC 0324,Tuesday,1:00 PM,3:00 PM,2
CSC 0324,Tuesday,3:00 PM,5:00 PM,2
CSC 0324,Tuesday,5:00 PM,7:00 PM,2
CSC 0324,Tuesday,7:00 PM,9:00 PM,2
CSC 0324,Wednesday,7:00 AM,9:00 AM,2
CSC 0324,Wednesday,9:00 AM,11:00 AM,2
CSC 0324,Wednesday,11:00 AM,1:00 PM,2
CSC 0324,Wednesday,1:00 PM,3:00 PM,2
CSC 0324,Wednesday,3:00 PM,5:00 PM,2
CSC 0324,Wednesday,5:00 PM,7:00 PM,2
CSC 0324,Wednesday,7:00 PM,9:00 PM,2
CSC 0324,Thursday,7:00 AM,9:00 AM,2
CSC 0324,Thursday,9:00 AM,11:00 AM,2
CSC 0324,Thursday,11:00 AM,1:00 PM,2
CSC 0324,Thursday,1:00 PM,3:00 PM,2
CSC 0324,Thursday,3:00 PM,5:00 PM,2
CSC 0324,Thursday,5:00 PM,7:00 PM,2
CSC 0324,Thursday,7:00 PM,9:00 PM,2
CSC 0324,Friday,7:00 AM,9:00 AM,2
CSC 0324,Friday,9:00 AM,11:00 AM,2
CSC 0324,Friday,11:00 AM,1:00 PM,2
CSC 0324,Friday,1:00 PM,3:00 PM,2
CSC 0324,Friday,3:00 PM,5:00 PM,2
CSC 0324,Friday,5:00 PM,7:00 PM,2
CSC 0324,Friday,7:00 PM,9:00 PM,2
CSC 0324,Saturday,7:00 AM,9:00 AM,2
CSC 0324,Saturday,9:00 AM,11:00 AM,2
CSC 0324,Saturday,11:00 AM,1:00 PM,2
CSC 0324,Saturday,1:00 PM,3:00 PM,2
CSC 0324,Saturday,3:00 PM,5:00 PM,2
CSC 0324,Saturday,5:00 PM,7:00 PM,2
CSC 0324,Saturday,7:00 PM,9:00 PM,2
CSC 0324.1,Monday,7:00 AM,8:00 AM,1
CSC 0324.1,Monday,8:00 AM,9:00 AM,1
CSC 0324.1,Monday,9:00 AM,10:00 AM,1
CSC 0324.1,Monday,10:00 AM,11:00 AM,1
CSC 0324.1,Monday,11:00 AM,12:00 PM,1
CSC 0324.1,Monday,12:00 PM,1:00 PM,1
CSC 0324.1,Monday,1:00 PM,2:00 PM,1
CSC 0324.1,Monday,2:00 PM,3:00 PM,1
CSC 0324.1,Monday,3:00 PM,4:00 PM,1
CSC 0324.1,Monday,4:00 PM,5:00 PM,1
CSC 0324.1,Monday,5:00 PM,6:00 PM,1
CSC 0324.1,Monday,6:00 PM,7:00 PM,1
CSC 0324.1,Monday,7:00 PM,8:00 PM,1
CSC 0324.1,Monday,8:00 PM,9:00 PM,1
CSC 0324.1,Tuesday,7:00 AM,8:00 AM,1
CSC 0324.1,Tuesday,8:00 AM,9:00 AM,1
CSC 0324.1,Tuesday,9:00 AM,10:00 AM,1
CSC 0324.1,Tuesday,10:00 AM,11:00 AM,1
CSC 0324.1,Tuesday,11:00 AM,12:00 PM,1
CSC 0324.1,Tuesday,12:00 PM,1:00 PM,1
CSC 0324.1,Tuesday,1:00 PM,2:00 PM,1
CSC 0324.1,Tuesday,2:00 PM,3:00 PM,1
CSC 0324.1,Tuesday,3:00 PM,4:00 PM,1
CSC 0324.1,Tuesday,4:00 PM,5:00 PM,1
CSC 0324.1,Tuesday,5:00 PM,6:00 PM,1
CSC 0324.1,Tuesday,6:00 PM,7:00 PM,1
CSC 0324.1,Tuesday,7:00 PM,8:00 PM,1
CSC 0324.1,Tuesday,8:00 PM,9:00 PM,1
CSC 0324.1,Wednesday,7:00 AM,8:00 AM,1
CSC 0324.1,Wednesday,8:00 AM,9:00 AM,1
CSC 0324.1,Wednesday,9:00 AM,10:00 AM,1
CSC 0324.1,Wednesday,10:00 AM,11:00 AM,1
CSC 0324.1,Wednesday,11:00 AM,12:00 PM,1
CSC 0324.1,Wednesday,12:00 PM,1:00 PM,1
CSC 0324.1,Wednesday,1:00 PM,2:00 PM,1
CSC 0324.1,Wednesday,2:00 PM,3:00 PM,1
CSC 0324.1,Wednesday,3:00 PM,4:00 PM,1
CSC 0324.1,Wednesday,4:00 PM,5:00 PM,1
CSC 0324.1,Wednesday,5:00 PM,6:00 PM,1
CSC 0324.1,Wednesday,6:00 PM,7:00 PM,1
CSC 0324.1,Wednesday,7:00 PM,8:00 PM,1
CSC 0324.1,Wednesday,8:00 PM,9:00 PM,1
CSC 0324.1,Thursday,7:00 AM,8:00 AM,1
CSC 0324.1,Thursday,8:00 AM,9:00 AM,1
CSC 0324.1,Thursday,9:00 AM,10:00 AM,1
CSC 0324.1,Thursday,10:00 AM,11:00 AM,1
CSC 0324.1,Thursday,11:00 AM,12:00 PM,1
CSC 0324.1,Thursday,12:00 PM,1:00 PM,1
CSC 0324.1,Thursday,1:00 PM,2:00 PM,1
CSC 0324.1,Thursday,2:00 PM,3:00 PM,1
CSC 0324.1,Thursday,3:00 PM,4:00 PM,1
CSC 0324.1,Thursday,4:00 PM,5:00 PM,1
CSC 0324.1,Thursday,5:00 PM,6:00 PM,1
CSC 0324.1,Thursday,6:00 PM,7:00 PM,1
CSC 0324.1,Thursday,7:00 PM,8:00 PM,1
CSC 0324.1,Thursday,8:00 PM,9:00 PM,1
CSC 0324.1,Friday,7:00 AM,8:00 AM,1
CSC 0324.1,Friday,8:00 AM,9:00 AM,1
CSC 0324.1,Friday,9:00 AM,10:00 AM,1
CSC 0324.1,Friday,10:00 AM,11:00 AM,1
CSC 0324.1,Friday,11:00 AM,12:00 PM,1
CSC 0324.1,Friday,12:00 PM,1:00 PM,1
CSC 0324.1,Friday,1:00 PM,2:00 PM,1
CSC 0324.1,Friday,2:00 PM,3:00 PM,1
CSC 0324.1,Friday,3:00 PM,4:00 PM,1
CSC 0324.1,Friday,4:00 PM,5:00 PM,1
CSC 0324.1,Friday,5:00 PM,6:00 PM,1
CSC 0324.1,Friday,6:00 PM,7:00 PM,1
CSC 0324.1,Friday,7:00 PM,8:00 PM,1
CSC 0324.1,Friday,8:00 PM,9:00 PM,1
CSC 0324.1,Saturday,7:00 AM,8:00 AM,1
CSC 0324.1,Saturday,8:00 AM,9:00 AM,1
CSC 0324.1,Saturday,9:00 AM,10:00 AM,1
CSC 0324.1,Saturday,10:00 AM,11:00 AM,1
CSC 0324.1,Saturday,11:00 AM,12:00 PM,1
CSC 0324.1,Saturday,12:00 PM,1:00 PM,1
CSC 0324.1,Saturday,1:00 PM,2:00 PM,1
CSC 0324.1,Saturday,2:00 PM,3:00 PM,1
CSC 0324.1,Saturday,3:00 PM,4:00 PM,1
CSC 0324.1,Saturday,4:00 PM,5:00 PM,1
CSC 0324.1,Saturday,5:00 PM,6:00 PM,1
CSC 0324.1,Saturday,6:00 PM,7:00 PM,1
CSC 0324.1,Saturday,7:00 PM,8:00 PM,1
CSC 0324.1,Saturday,8:00 PM,9:00 PM,1
CSC 0325,Monday,7:00 AM,10:00 AM,3
CSC 0325,Monday,10:00 AM,1:00 PM,3
CSC 0325,Monday,1:00 PM,4:00 PM,3
CSC 0325,Monday,4:00 PM,7:00 PM,3
CSC 0325,Tuesday,7:00 AM,10:00 AM,3
CSC 0325,Tuesday,10:00 AM,1:00 PM,3
CSC 0325,Tuesday,1:00 PM,4:00 PM,3
CSC 0325,Tuesday,4:00 PM,7:00 PM,3
CSC 0325,Wednesday,7:00 AM,10:00 AM,3
CSC 0325,Wednesday,10:00 AM,1:00 PM,3
CSC 0325,Wednesday,1:00 PM,4:00 PM,3
CSC 0325,Wednesday,4:00 PM,7:00 PM,3
CSC 0325,Thursday,7:00 AM,10:00 AM,3
CSC 0325,Thursday,10:00 AM,1:00 PM,3
CSC 0325,Thursday,1:00 PM,4:00 PM,3
CSC 0325,Thursday,4:00 PM,7:00 PM,3
CSC 0325,Friday,7:00 AM,10:00 AM,3
CSC 0325,Friday,10:00 AM,1:00 PM,3
CSC 0325,Friday,1:00 PM,4:00 PM,3
CSC 0325,Friday,4:00 PM,7:00 PM,3
CSC 0325,Saturday,7:00 AM,10:00 AM,3
CSC 0325,Saturday,10:00 AM,1:00 PM,3
CSC 0325,Saturday,1:00 PM,4:00 PM,3
CSC 0325,Saturday,4:00 PM,7:00 PM,3
CSC 195.1,Monday,7:00 AM,9:00 AM,2
CSC 195.1,Monday,9:00 AM,11:00 AM,2
CSC 195.1,Monday,11:00 AM,1:00 PM,2
CSC 195.1,Monday,1:00 PM,3:00 PM,2
CSC 195.1,Monday,3:00 PM,5:00 PM,2
CSC 195.1,Monday,5:00 PM,7:00 PM,2
CSC 195.1,Monday,7:00 PM,9:00 PM,2
CSC 195.1,Tuesday,7:00 AM,9:00 AM,2
CSC 195.1,Tuesday,9:00 AM,11:00 AM,2
CSC 195.1,Tuesday,11:00 AM,1:00 PM,2
CSC 195.1,Tuesday,1:00 PM,3:00 PM,2
CSC 195.1,Tuesday,3:00 PM,5:00 PM,2
CSC 195.1,Tuesday,5:00 PM,7:00 PM,2
CSC 195.1,Tuesday,7:00 PM,9:00 PM,2
CSC 195.1,Wednesday,7:00 AM,9:00 AM,2
CSC 195.1,Wednesday,9:00 AM,11:00 AM,2
CSC 195.1,Wednesday,11:00 AM,1:00 PM,2
CSC 195.1,Wednesday,1:00 PM,3:00 PM,2
CSC 195.1,Wednesday,3:00 PM,5:00 PM,2
CSC 195.1,Wednesday,5:00 PM,7:00 PM,2
CSC 195.1,Wednesday,7:00 PM,9:00 PM,2
CSC 195.1,Thursday,7:00 AM,9:00 AM,2
CSC 195.1,Thursday,9:00 AM,11:00 AM,2
CSC 195.1,Thursday,11:00 AM,1:00 PM,2
CSC 195.1,Thursday,1:00 PM,3:00 PM,2
CSC 195.1,Thursday,3:00 PM,5:00 PM,2
CSC 195.1,Thursday,5:00 PM,7:00 PM,2
CSC 195.1,Thursday,7:00 PM,9:00 PM,2
CSC 195.1,Friday,7:00 AM,9:00 AM,2
CSC 195.1,Friday,9:00 AM,11:00 AM,2
CSC 195.1,Friday,11:00 AM,1:00 PM,2
CSC 195.1,Friday,1:00 PM,3:00 PM,2
CSC 195.1,Friday,3:00 PM,5:00 PM,2
CSC 195.1,Friday,5:00 PM,7:00 PM,2
CSC 195.1,Friday,7:00 PM,9:00 PM,2
CSC 195.1,Saturday,7:00 AM,9:00 AM,2
CSC 195.1,Saturday,9:00 AM,11:00 AM,2
CSC 195.1,Saturday,11:00 AM,1:00 PM,2
CSC 195.1,Saturday,1:00 PM,3:00 PM,2
CSC 195.1,Saturday,3:00 PM,5:00 PM,2
CSC 195.1,Saturday,5:00 PM,7:00 PM,2
CSC 195.1,Saturday,7:00 PM,9:00 PM,2
ICC 0101,Monday,7:00 AM,9:00 AM,2
ICC 0101,Monday,9:00 AM,11:00 AM,2
ICC 0101,Monday,11:00 AM,1:00 PM,2
ICC 0101,Monday,1:00 PM,3:00 PM,2
ICC 0101,Monday,3:00 PM,5:00 PM,2
ICC 0101,Monday,5:00 PM,7:00 PM,2
ICC 0101,Monday,7:00 PM,9:00 PM,2
ICC 0101,Tuesday,7:00 AM,9:00 AM,2
ICC 0101,Tuesday,9:00 AM,11:00 AM,2
ICC 0101,Tuesday,11:00 AM,1:00 PM,2
ICC 0101,Tuesday,1:00 PM,3:00 PM,2
ICC 0101,Tuesday,3:00 PM,5:00 PM,2
ICC 0101,Tuesday,5:00 PM,7:00 PM,2
ICC 0101,Tuesday,7:00 PM,9:00 PM,2
ICC 0101,Wednesday,7:00 AM,9:00 AM,2
ICC 0101,Wednesday,9:00 AM,11:00 AM,2
ICC 0101,Wednesday,11:00 AM,1:00 PM,2
ICC 0101,Wednesday,1:00 PM,3:00 PM,2
ICC 0101,Wednesday,3:00 PM,5:00 PM,2
ICC 0101,Wednesday,5:00 PM,7:00 PM,2
ICC 0101,Wednesday,7:00 PM,9:00 PM,2
ICC 0101,Thursday,7:00 AM,9:00 AM,2
ICC 0101,Thursday,9:00 AM,11:00 AM,2
ICC 0101,Thursday,11:00 AM,1:00 PM,2
ICC 0101,Thursday,1:00 PM,3:00 PM,2
ICC 0101,Thursday,3:00 PM,5:00 PM,2
ICC 0101,Thursday,5:00 PM,7:00 PM,2
ICC 0101,Thursday,7:00 PM,9:00 PM,2
ICC 0101,Friday,7:00 AM,9:00 AM,2
ICC 0101,Friday,9:00 AM,11:00 AM,2
ICC 0101,Friday,11:00 AM,1:00 PM,2
ICC 0101,Friday,1:00 PM,3:00 PM,2
ICC 0101,Friday,3:00 PM,5:00 PM,2
ICC 0101,Friday,5:00 PM,7:00 PM,2
ICC 0101,Friday,7:00 PM,9:00 PM,2
ICC 0101,Saturday,7:00 AM,9:00 AM,2
ICC 0101,Saturday,9:00 AM,11:00 AM,2
ICC 0101,Saturday,11:00 AM,1:00 PM,2
ICC 0101,Saturday,1:00 PM,3:00 PM,2
ICC 0101,Saturday,3:00 PM,5:00 PM,2
ICC 0101,Saturday,5:00 PM,7:00 PM,2
ICC 0101,Saturday,7:00 PM,9:00 PM,2
ICC 0101.1,Monday,7:00 AM,8:00 AM,1
ICC 0101.1,Monday,8:00 AM,9:00 AM,1
ICC 0101.1,Monday,9:00 AM,10:00 AM,1
ICC 0101.1,Monday,10:00 AM,11:00 AM,1
ICC 0101.1,Monday,11:00 AM,12:00 PM,1
ICC 0101.1,Monday,12:00 PM,1:00 PM,1
ICC 0101.1,Monday,1:00 PM,2:00 PM,1
ICC 0101.1,Monday,2:00 PM,3:00 PM,1
ICC 0101.1,Monday,3:00 PM,4:00 PM,1
ICC 0101.1,Monday,4:00 PM,5:00 PM,1
ICC 0101.1,Monday,5:00 PM,6:00 PM,1
ICC 0101.1,Monday,6:00 PM,7:00 PM,1
ICC 0101.1,Monday,7:00 PM,8:00 PM,1
ICC 0101.1,Monday,8:00 PM,9:00 PM,1
ICC 0101.1,Tuesday,7:00 AM,8:00 AM,1
ICC 0101.1,Tuesday,8:00 AM,9:00 AM,1
ICC 0101.1,Tuesday,9:00 AM,10:00 AM,1
ICC 0101.1,Tuesday,10:00 AM,11:00 AM,1
ICC 0101.1,Tuesday,11:00 AM,12:00 PM,1
ICC 0101.1,Tuesday,12:00 PM,1:00 PM,1
ICC 0101.1,Tuesday,1:00 PM,2:00 PM,1
ICC 0101.1,Tuesday,2:00 PM,3:00 PM,1
ICC 0101.1,Tuesday,3:00 PM,4:00 PM,1
ICC 0101.1,Tuesday,4:00 PM,5:00 PM,1
ICC 0101.1,Tuesday,5:00 PM,6:00 PM,1
ICC 0101.1,Tuesday,6:00 PM,7:00 PM,1
ICC 0101.1,Tuesday,7:00 PM,8:00 PM,1
ICC 0101.1,Tuesday,8:00 PM,9:00 PM,1
ICC 0101.1,Wednesday,7:00 AM,8:00 AM,1
ICC 0101.1,Wednesday,8:00 AM,9:00 AM,1
ICC 0101.1,Wednesday,9:00 AM,10:00 AM,1
ICC 0101.1,Wednesday,10:00 AM,11:00 AM,1
ICC 0101.1,Wednesday,11:00 AM,12:00 PM,1
ICC 0101.1,Wednesday,12:00 PM,1:00 PM,1
ICC 0101.1,Wednesday,1:00 PM,2:00 PM,1
ICC 0101.1,Wednesday,2:00 PM,3:00 PM,1
ICC 0101.1,Wednesday,3:00 PM,4:00 PM,1
ICC 0101.1,Wednesday,4:00 PM,5:00 PM,1
ICC 0101.1,Wednesday,5:00 PM,6:00 PM,1
ICC 0101.1,Wednesday,6:00 PM,7:00 PM,1
ICC 0101.1,Wednesday,7:00 PM,8:00 PM,1
ICC 0101.1,Wednesday,8:00 PM,9:00 PM,1
ICC 0101.1,Thursday,7:00 AM,8:00 AM,1
ICC 0101.1,Thursday,8:00 AM,9:00 AM,1
ICC 0101.1,Thursday,9:00 AM,10:00 AM,1
ICC 0101.1,Thursday,10:00 AM,11:00 AM,1
ICC 0101.1,Thursday,11:00 AM,12:00 PM,1
ICC 0101.1,Thursday,12:00 PM,1:00 PM,1
ICC 0101.1,Thursday,1:00 PM,2:00 PM,1
ICC 0101.1,Thursday,2:00 PM,3:00 PM,1
ICC 0101.1,Thursday,3:00 PM,4:00 PM,1
ICC 0101.1,Thursday,4:00 PM,5:00 PM,1
ICC 0101.1,Thursday,5:00 PM,6:00 PM,1
ICC 0101.1,Thursday,6:00 PM,7:00 PM,1
ICC 0101.1,Thursday,7:00 PM,8:00 PM,1
ICC 0101.1,Thursday,8:00 PM,9:00 PM,1
ICC 0101.1,Friday,7:00 AM,8:00 AM,1
ICC 0101.1,Friday,8:00 AM,9:00 AM,1
ICC 0101.1,Friday,9:00 AM,10:00 AM,1
ICC 0101.1,Friday,10:00 AM,11:00 AM,1
ICC 0101.1,Friday,11:00 AM,12:00 PM,1
ICC 0101.1,Friday,12:00 PM,1:00 PM,1
ICC 0101.1,Friday,1:00 PM,2:00 PM,1
ICC 0101.1,Friday,2:00 PM,3:00 PM,1
ICC 0101.1,Friday,3:00 PM,4:00 PM,1
ICC 0101.1,Friday,4:00 PM,5:00 PM,1
ICC 0101.1,Friday,5:00 PM,6:00 PM,1
ICC 0101.1,Friday,6:00 PM,7:00 PM,1
ICC 0101.1,Friday,7:00 PM,8:00 PM,1
ICC 0101.1,Friday,8:00 PM,9:00 PM,1
ICC 0101.1,Saturday,7:00 AM,8:00 AM,1
ICC 0101.1,Saturday,8:00 AM,9:00 AM,1
ICC 0101.1,Saturday,9:00 AM,10:00 AM,1
ICC 0101.1,Saturday,10:00 AM,11:00 AM,1
ICC 0101.1,Saturday,11:00 AM,12:00 PM,1
ICC 0101.1,Saturday,12:00 PM,1:00 PM,1
ICC 0101.1,Saturday,1:00 PM,2:00 PM,1
ICC 0101.1,Saturday,2:00 PM,3:00 PM,1
ICC 0101.1,Saturday,3:00 PM,4:00 PM,1
ICC 0101.1,Saturday,4:00 PM,5:00 PM,1
ICC 0101.1,Saturday,5:00 PM,6:00 PM,1
ICC 0101.1,Saturday,6:00 PM,7:00 PM,1
ICC 0101.1,Saturday,7:00 PM,8:00 PM,1
ICC 0101.1,Saturday,8:00 PM,9:00 PM,1
ICC 0102,Monday,7:00 AM,9:00 AM,2
ICC 0102,Monday,9:00 AM,11:00 AM,2
ICC 0102,Monday,11:00 AM,1:00 PM,2
ICC 0102,Monday,1:00 PM,3:00 PM,2
ICC 0102,Monday,3:00 PM,5:00 PM,2
ICC 0102,Monday,5:00 PM,7:00 PM,2
ICC 0102,Monday,7:00 PM,9:00 PM,2
ICC 0102,Tuesday,7:00 AM,9:00 AM,2
ICC 0102,Tuesday,9:00 AM,11:00 AM,2
ICC 0102,Tuesday,11:00 AM,1:00 PM,2
ICC 0102,Tuesday,1:00 PM,3:00 PM,2
ICC 0102,Tuesday,3:00 PM,5:00 PM,2
ICC 0102,Tuesday,5:00 PM,7:00 PM,2
ICC 0102,Tuesday,7:00 PM,9:00 PM,2
ICC 0102,Wednesday,7:00 AM,9:00 AM,2
ICC 0102,Wednesday,9:00 AM,11:00 AM,2
ICC 0102,Wednesday,11:00 AM,1:00 PM,2
ICC 0102,Wednesday,1:00 PM,3:00 PM,2
ICC 0102,Wednesday,3:00 PM,5:00 PM,2
ICC 0102,Wednesday,5:00 PM,7:00 PM,2
ICC 0102,Wednesday,7:00 PM,9:00 PM,2
ICC 0102,Thursday,7:00 AM,9:00 AM,2
ICC 0102,Thursday,9:00 AM,11:00 AM,2
ICC 0102,Thursday,11:00 AM,1:00 PM,2
ICC 0102,Thursday,1:00 PM,3:00 PM,2
ICC 0102,Thursday,3:00 PM,5:00 PM,2
ICC 0102,Thursday,5:00 PM,7:00 PM,2
ICC 0102,Thursday,7:00 PM,9:00 PM,2
ICC 0102,Friday,7:00 AM,9:00 AM,2
ICC 0102,Friday,9:00 AM,11:00 AM,2
ICC 0102,Friday,11:00 AM,1:00 PM,2
ICC 0102,Friday,1:00 PM,3:00 PM,2
ICC 0102,Friday,3:00 PM,5:00 PM,2
ICC 0102,Friday,5:00 PM,7:00 PM,2
ICC 0102,Friday,7:00 PM,9:00 PM,2
ICC 0102,Saturday,7:00 AM,9:00 AM,2
ICC 0102,Saturday,9:00 AM,11:00 AM,2
ICC 0102,Saturday,11:00 AM,1:00 PM,2
ICC 0102,Saturday,1:00 PM,3:00 PM,2
ICC 0102,Saturday,3:00 PM,5:00 PM,2
ICC 0102,Saturday,5:00 PM,7:00 PM,2
ICC 0102,Saturday,7:00 PM,9:00 PM,2
ICC 0102.1,Monday,7:00 AM,8:00 AM,1
ICC 0102.1,Monday,8:00 AM,9:00 AM,1
ICC 0102.1,Monday,9:00 AM,10:00 AM,1
ICC 0102.1,Monday,10:00 AM,11:00 AM,1
ICC 0102.1,Monday,11:00 AM,12:00 PM,1
ICC 0102.1,Monday,12:00 PM,1:00 PM,1
ICC 0102.1,Monday,1:00 PM,2:00 PM,1
ICC 0102.1,Monday,2:00 PM,3:00 PM,1
ICC 0102.1,Monday,3:00 PM,4:00 PM,1
ICC 0102.1,Monday,4:00 PM,5:00 PM,1
ICC 0102.1,Monday,5:00 PM,6:00 PM,1
ICC 0102.1,Monday,6:00 PM,7:00 PM,1
ICC 0102.1,Monday,7:00 PM,8:00 PM,1
ICC 0102.1,Monday,8:00 PM,9:00 PM,1
ICC 0102.1,Tuesday,7:00 AM,8:00 AM,1
ICC 0102.1,Tuesday,8:00 AM,9:00 AM,1
ICC 0102.1,Tuesday,9:00 AM,10:00 AM,1
ICC 0102.1,Tuesday,10:00 AM,11:00 AM,1
ICC 0102.1,Tuesday,11:00 AM,12:00 PM,1
ICC 0102.1,Tuesday,12:00 PM,1:00 PM,1
ICC 0102.1,Tuesday,1:00 PM,2:00 PM,1
ICC 0102.1,Tuesday,2:00 PM,3:00 PM,1
ICC 0102.1,Tuesday,3:00 PM,4:00 PM,1
ICC 0102.1,Tuesday,4:00 PM,5:00 PM,1
ICC 0102.1,Tuesday,5:00 PM,6:00 PM,1
ICC 0102.1,Tuesday,6:00 PM,7:00 PM,1
ICC 0102.1,Tuesday,7:00 PM,8:00 PM,1
ICC 0102.1,Tuesday,8:00 PM,9:00 PM,1
ICC 0102.1,Wednesday,7:00 AM,8:00 AM,1
ICC 0102.1,Wednesday,8:00 AM,9:00 AM,1
ICC 0102.1,Wednesday,9:00 AM,10:00 AM,1
ICC 0102.1,Wednesday,10:00 AM,11:00 AM,1
ICC 0102.1,Wednesday,11:00 AM,12:00 PM,1
ICC 0102.1,Wednesday,12:00 PM,1:00 PM,1
ICC 0102.1,Wednesday,1:00 PM,2:00 PM,1
ICC 0102.1,Wednesday,2:00 PM,3:00 PM,1
ICC 0102.1,Wednesday,3:00 PM,4:00 PM,1
ICC 0102.1,Wednesday,4:00 PM,5:00 PM,1
ICC 0102.1,Wednesday,5:00 PM,6:00 PM,1
ICC 0102.1,Wednesday,6:00 PM,7:00 PM,1
ICC 0102.1,Wednesday,7:00 PM,8:00 PM,1
ICC 0102.1,Wednesday,8:00 PM,9:00 PM,1
ICC 0102.1,Thursday,7:00 AM,8:00 AM,1
ICC 0102.1,Thursday,8:00 AM,9:00 AM,1
ICC 0102.1,Thursday,9:00 AM,10:00 AM,1
ICC 0102.1,Thursday,10:00 AM,11:00 AM,1
ICC 0102.1,Thursday,11:00 AM,12:00 PM,1
ICC 0102.1,Thursday,12:00 PM,1:00 PM,1
ICC 0102.1,Thursday,1:00 PM,2:00 PM,1
ICC 0102.1,Thursday,2:00 PM,3:00 PM,1
ICC 0102.1,Thursday,3:00 PM,4:00 PM,1
ICC 0102.1,Thursday,4:00 PM,5:00 PM,1
ICC 0102.1,Thursday,5:00 PM,6:00 PM,1
ICC 0102.1,Thursday,6:00 PM,7:00 PM,1
ICC 0102.1,Thursday,7:00 PM,8:00 PM,1
ICC 0102.1,Thursday,8:00 PM,9:00 PM,1
ICC 0102.1,Friday,7:00 AM,8:00 AM,1
ICC 0102.1,Friday,8:00 AM,9:00 AM,1
ICC 0102.1,Friday,9:00 AM,10:00 AM,1
ICC 0102.1,Friday,10:00 AM,11:00 AM,1
ICC 0102.1,Friday,11:00 AM,12:00 PM,1
ICC 0102.1,Friday,12:00 PM,1:00 PM,1
ICC 0102.1,Friday,1:00 PM,2:00 PM,1
ICC 0102.1,Friday,2:00 PM,3:00 PM,1
ICC 0102.1,Friday,3:00 PM,4:00 PM,1
ICC 0102.1,Friday,4:00 PM,5:00 PM,1
ICC 0102.1,Friday,5:00 PM,6:00 PM,1
ICC 0102.1,Friday,6:00 PM,7:00 PM,1
ICC 0102.1,Friday,7:00 PM,8:00 PM,1
ICC 0102.1,Friday,8:00 PM,9:00 PM,1
ICC 0102.1,Saturday,7:00 AM,8:00 AM,1
ICC 0102.1,Saturday,8:00 AM,9:00 AM,1
ICC 0102.1,Saturday,9:00 AM,10:00 AM,1
ICC 0102.1,Saturday,10:00 AM,11:00 AM,1
ICC 0102.1,Saturday,11:00 AM,12:00 PM,1
ICC 0102.1,Saturday,12:00 PM,1:00 PM,1
ICC 0102.1,Saturday,1:00 PM,2:00 PM,1
ICC 0102.1,Saturday,2:00 PM,3:00 PM,1
ICC 0102.1,Saturday,3:00 PM,4:00 PM,1
ICC 0102.1,Saturday,4:00 PM,5:00 PM,1
ICC 0102.1,Saturday,5:00 PM,6:00 PM,1
ICC 0102.1,Saturday,6:00 PM,7:00 PM,1
ICC 0102.1,Saturday,7:00 PM,8:00 PM,1
ICC 0102.1,Saturday,8:00 PM,9:00 PM,1
ICC 0103,Monday,7:00 AM,9:00 AM,2
ICC 0103,Monday,9:00 AM,11:00 AM,2
ICC 0103,Monday,11:00 AM,1:00 PM,2
ICC 0103,Monday,1:00 PM,3:00 PM,2
ICC 0103,Monday,3:00 PM,5:00 PM,2
ICC 0103,Monday,5:00 PM,7:00 PM,2
ICC 0103,Monday,7:00 PM,9:00 PM,2
ICC 0103,Tuesday,7:00 AM,9:00 AM,2
ICC 0103,Tuesday,9:00 AM,11:00 AM,2
ICC 0103,Tuesday,11:00 AM,1:00 PM,2
ICC 0103,Tuesday,1:00 PM,3:00 PM,2
ICC 0103,Tuesday,3:00 PM,5:00 PM,2
ICC 0103,Tuesday,5:00 PM,7:00 PM,2
ICC 0103,Tuesday,7:00 PM,9:00 PM,2
ICC 0103,Wednesday,7:00 AM,9:00 AM,2
ICC 0103,Wednesday,9:00 AM,11:00 AM,2
ICC 0103,Wednesday,11:00 AM,1:00 PM,2
ICC 0103,Wednesday,1:00 PM,3:00 PM,2
ICC 0103,Wednesday,3:00 PM,5:00 PM,2
ICC 0103,Wednesday,5:00 PM,7:00 PM,2
ICC 0103,Wednesday,7:00 PM,9:00 PM,2
ICC 0103,Thursday,7:00 AM,9:00 AM,2
ICC 0103,Thursday,9:00 AM,11:00 AM,2
ICC 0103,Thursday,11:00 AM,1:00 PM,2
ICC 0103,Thursday,1:00 PM,3:00 PM,2
ICC 0103,Thursday,3:00 PM,5:00 PM,2
ICC 0103,Thursday,5:00 PM,7:00 PM,2
ICC 0103,Thursday,7:00 PM,9:00 PM,2
ICC 0103,Friday,7:00 AM,9:00 AM,2
ICC 0103,Friday,9:00 AM,11:00 AM,2
ICC 0103,Friday,11:00 AM,1:00 PM,2
ICC 0103,Friday,1:00 PM,3:00 PM,2
ICC 0103,Friday,3:00 PM,5:00 PM,2
ICC 0103,Friday,5:00 PM,7:00 PM,2
ICC 0103,Friday,7:00 PM,9:00 PM,2
ICC 0103,Saturday,7:00 AM,9:00 AM,2
ICC 0103,Saturday,9:00 AM,11:00 AM,2
ICC 0103,Saturday,11:00 AM,1:00 PM,2
ICC 0103,Saturday,1:00 PM,3:00 PM,2
ICC 0103,Saturday,3:00 PM,5:00 PM,2
ICC 0103,Saturday,5:00 PM,7:00 PM,2
ICC 0103,Saturday,7:00 PM,9:00 PM,2
ICC 0103.1,Monday,7:00 AM,8:00 AM,1
ICC 0103.1,Monday,8:00 AM,9:00 AM,1
ICC 0103.1,Monday,9:00 AM,10:00 AM,1
ICC 0103.1,Monday,10:00 AM,11:00 AM,1
ICC 0103.1,Monday,11:00 AM,12:00 PM,1
ICC 0103.1,Monday,12:00 PM,1:00 PM,1
ICC 0103.1,Monday,1:00 PM,2:00 PM,1
ICC 0103.1,Monday,2:00 PM,3:00 PM,1
ICC 0103.1,Monday,3:00 PM,4:00 PM,1
ICC 0103.1,Monday,4:00 PM,5:00 PM,1
ICC 0103.1,Monday,5:00 PM,6:00 PM,1
ICC 0103.1,Monday,6:00 PM,7:00 PM,1
ICC 0103.1,Monday,7:00 PM,8:00 PM,1
ICC 0103.1,Monday,8:00 PM,9:00 PM,1
ICC 0103.1,Tuesday,7:00 AM,8:00 AM,1
ICC 0103.1,Tuesday,8:00 AM,9:00 AM,1
ICC 0103.1,Tuesday,9:00 AM,10:00 AM,1
ICC 0103.1,Tuesday,10:00 AM,11:00 AM,1
ICC 0103.1,Tuesday,11:00 AM,12:00 PM,1
ICC 0103.1,Tuesday,12:00 PM,1:00 PM,1
ICC 0103.1,Tuesday,1:00 PM,2:00 PM,1
ICC 0103.1,Tuesday,2:00 PM,3:00 PM,1
ICC 0103.1,Tuesday,3:00 PM,4:00 PM,1
ICC 0103.1,Tuesday,4:00 PM,5:00 PM,1
ICC 0103.1,Tuesday,5:00 PM,6:00 PM,1
ICC 0103.1,Tuesday,6:00 PM,7:00 PM,1
ICC 0103.1,Tuesday,7:00 PM,8:00 PM,1
ICC 0103.1,Tuesday,8:00 PM,9:00 PM,1
ICC 0103.1,Wednesday,7:00 AM,8:00 AM,1
ICC 0103.1,Wednesday,8:00 AM,9:00 AM,1
ICC 0103.1,Wednesday,9:00 AM,10:00 AM,1
ICC 0103.1,Wednesday,10:00 AM,11:00 AM,1
ICC 0103.1,Wednesday,11:00 AM,12:00 PM,1
ICC 0103.1,Wednesday,12:00 PM,1:00 PM,1
ICC 0103.1,Wednesday,1:00 PM,2:00 PM,1
ICC 0103.1,Wednesday,2:00 PM,3:00 PM,1
ICC 0103.1,Wednesday,3:00 PM,4:00 PM,1
ICC 0103.1,Wednesday,4:00 PM,5:00 PM,1
ICC 0103.1,Wednesday,5:00 PM,6:00 PM,1
ICC 0103.1,Wednesday,6:00 PM,7:00 PM,1
ICC 0103.1,Wednesday,7:00 PM,8:00 PM,1
ICC 0103.1,Wednesday,8:00 PM,9:00 PM,1
ICC 0103.1,Thursday,7:00 AM,8:00 AM,1
ICC 0103.1,Thursday,8:00 AM,9:00 AM,1
ICC 0103.1,Thursday,9:00 AM,10:00 AM,1
ICC 0103.1,Thursday,10:00 AM,11:00 AM,1
ICC 0103.1,Thursday,11:00 AM,12:00 PM,1
ICC 0103.1,Thursday,12:00 PM,1:00 PM,1
ICC 0103.1,Thursday,1:00 PM,2:00 PM,1
ICC 0103.1,Thursday,2:00 PM,3:00 PM,1
ICC 0103.1,Thursday,3:00 PM,4:00 PM,1
ICC 0103.1,Thursday,4:00 PM,5:00 PM,1
ICC 0103.1,Thursday,5:00 PM,6:00 PM,1
ICC 0103.1,Thursday,6:00 PM,7:00 PM,1
ICC 0103.1,Thursday,7:00 PM,8:00 PM,1
ICC 0103.1,Thursday,8:00 PM,9:00 PM,1
ICC 0103.1,Friday,7:00 AM,8:00 AM,1
ICC 0103.1,Friday,8:00 AM,9:00 AM,1
ICC 0103.1,Friday,9:00 AM,10:00 AM,1
ICC 0103.1,Friday,10:00 AM,11:00 AM,1
ICC 0103.1,Friday,11:00 AM,12:00 PM,1
ICC 0103.1,Friday,12:00 PM,1:00 PM,1
ICC 0103.1,Friday,1:00 PM,2:00 PM,1
ICC 0103.1,Friday,2:00 PM,3:00 PM,1
ICC 0103.1,Friday,3:00 PM,4:00 PM,1
ICC 0103.1,Friday,4:00 PM,5:00 PM,1
ICC 0103.1,Friday,5:00 PM,6:00 PM,1
ICC 0103.1,Friday,6:00 PM,7:00 PM,1
ICC 0103.1,Friday,7:00 PM,8:00 PM,1
ICC 0103.1,Friday,8:00 PM,9:00 PM,1
ICC 0103.1,Saturday,7:00 AM,8:00 AM,1
ICC 0103.1,Saturday,8:00 AM,9:00 AM,1
ICC 0103.1,Saturday,9:00 AM,10:00 AM,1
ICC 0103.1,Saturday,10:00 AM,11:00 AM,1
ICC 0103.1,Saturday,11:00 AM,12:00 PM,1
ICC 0103.1,Saturday,12:00 PM,1:00 PM,1
ICC 0103.1,Saturday,1:00 PM,2:00 PM,1
ICC 0103.1,Saturday,2:00 PM,3:00 PM,1
ICC 0103.1,Saturday,3:00 PM,4:00 PM,1
ICC 0103.1,Saturday,4:00 PM,5:00 PM,1
ICC 0103.1,Saturday,5:00 PM,6:00 PM,1
ICC 0103.1,Saturday,6:00 PM,7:00 PM,1
ICC 0103.1,Saturday,7:00 PM,8:00 PM,1
ICC 0103.1,Saturday,8:00 PM,9:00 PM,1
ICC 0104,Monday,7:00 AM,9:00 AM,2
ICC 0104,Monday,9:00 AM,11:00 AM,2
ICC 0104,Monday,11:00 AM,1:00 PM,2
ICC 0104,Monday,1:00 PM,3:00 PM,2
ICC 0104,Monday,3:00 PM,5:00 PM,2
ICC 0104,Monday,5:00 PM,7:00 PM,2
ICC 0104,Monday,7:00 PM,9:00 PM,2
ICC 0104,Tuesday,7:00 AM,9:00 AM,2
ICC 0104,Tuesday,9:00 AM,11:00 AM,2
ICC 0104,Tuesday,11:00 AM,1:00 PM,2
ICC 0104,Tuesday,1:00 PM,3:00 PM,2
ICC 0104,Tuesday,3:00 PM,5:00 PM,2
ICC 0104,Tuesday,5:00 PM,7:00 PM,2
ICC 0104,Tuesday,7:00 PM,9:00 PM,2
ICC 0104,Wednesday,7:00 AM,9:00 AM,2
ICC 0104,Wednesday,9:00 AM,11:00 AM,2
ICC 0104,Wednesday,11:00 AM,1:00 PM,2
ICC 0104,Wednesday,1:00 PM,3:00 PM,2
ICC 0104,Wednesday,3:00 PM,5:00 PM,2
ICC 0104,Wednesday,5:00 PM,7:00 PM,2
ICC 0104,Wednesday,7:00 PM,9:00 PM,2
ICC 0104,Thursday,7:00 AM,9:00 AM,2
ICC 0104,Thursday,9:00 AM,11:00 AM,2
ICC 0104,Thursday,11:00 AM,1:00 PM,2
ICC 0104,Thursday,1:00 PM,3:00 PM,2
ICC 0104,Thursday,3:00 PM,5:00 PM,2
ICC 0104,Thursday,5:00 PM,7:00 PM,2
ICC 0104,Thursday,7:00 PM,9:00 PM,2
ICC 0104,Friday,7:00 AM,9:00 AM,2
ICC 0104,Friday,9:00 AM,11:00 AM,2
ICC 0104,Friday,11:00 AM,1:00 PM,2
ICC 0104,Friday,1:00 PM,3:00 PM,2
ICC 0104,Friday,3:00 PM,5:00 PM,2
ICC 0104,Friday,5:00 PM,7:00 PM,2
ICC 0104,Friday,7:00 PM,9:00 PM,2
ICC 0104,Saturday,7:00 AM,9:00 AM,2
ICC 0104,Saturday,9:00 AM,11:00 AM,2
ICC 0104,Saturday,11:00 AM,1:00 PM,2
ICC 0104,Saturday,1:00 PM,3:00 PM,2
ICC 0104,Saturday,3:00 PM,5:00 PM,2
ICC 0104,Saturday,5:00 PM,7:00 PM,2
ICC 0104,Saturday,7:00 PM,9:00 PM,2
ICC 0104.1,Monday,7:00 AM,8:00 AM,1
ICC 0104.1,Monday,8:00 AM,9:00 AM,1
ICC 0104.1,Monday,9:00 AM,10:00 AM,1
ICC 0104.1,Monday,10:00 AM,11:00 AM,1
ICC 0104.1,Monday,11:00 AM,12:00 PM,1
ICC 0104.1,Monday,12:00 PM,1:00 PM,1
ICC 0104.1,Monday,1:00 PM,2:00 PM,1
ICC 0104.1,Monday,2:00 PM,3:00 PM,1
ICC 0104.1,Monday,3:00 PM,4:00 PM,1
ICC 0104.1,Monday,4:00 PM,5:00 PM,1
ICC 0104.1,Monday,5:00 PM,6:00 PM,1
ICC 0104.1,Monday,6:00 PM,7:00 PM,1
ICC 0104.1,Monday,7:00 PM,8:00 PM,1
ICC 0104.1,Monday,8:00 PM,9:00 PM,1
ICC 0104.1,Tuesday,7:00 AM,8:00 AM,1
ICC 0104.1,Tuesday,8:00 AM,9:00 AM,1
ICC 0104.1,Tuesday,9:00 AM,10:00 AM,1
ICC 0104.1,Tuesday,10:00 AM,11:00 AM,1
ICC 0104.1,Tuesday,11:00 AM,12:00 PM,1
ICC 0104.1,Tuesday,12:00 PM,1:00 PM,1
ICC 0104.1,Tuesday,1:00 PM,2:00 PM,1
ICC 0104.1,Tuesday,2:00 PM,3:00 PM,1
ICC 0104.1,Tuesday,3:00 PM,4:00 PM,1
ICC 0104.1,Tuesday,4:00 PM,5:00 PM,1
ICC 0104.1,Tuesday,5:00 PM,6:00 PM,1
ICC 0104.1,Tuesday,6:00 PM,7:00 PM,1
ICC 0104.1,Tuesday,7:00 PM,8:00 PM,1
ICC 0104.1,Tuesday,8:00 PM,9:00 PM,1
ICC 0104.1,Wednesday,7:00 AM,8:00 AM,1
ICC 0104.1,Wednesday,8:00 AM,9:00 AM,1
ICC 0104.1,Wednesday,9:00 AM,10:00 AM,1
ICC 0104.1,Wednesday,10:00 AM,11:00 AM,1
ICC 0104.1,Wednesday,11:00 AM,12:00 PM,1
ICC 0104.1,Wednesday,12:00 PM,1:00 PM,1
ICC 0104.1,Wednesday,1:00 PM,2:00 PM,1
ICC 0104.1,Wednesday,2:00 PM,3:00 PM,1
ICC 0104.1,Wednesday,3:00 PM,4:00 PM,1
ICC 0104.1,Wednesday,4:00 PM,5:00 PM,1
ICC 0104.1,Wednesday,5:00 PM,6:00 PM,1
ICC 0104.1,Wednesday,6:00 PM,7:00 PM,1
ICC 0104.1,Wednesday,7:00 PM,8:00 PM,1
ICC 0104.1,Wednesday,8:00 PM,9:00 PM,1
ICC 0104.1,Thursday,7:00 AM,8:00 AM,1
ICC 0104.1,Thursday,8:00 AM,9:00 AM,1
ICC 0104.1,Thursday,9:00 AM,10:00 AM,1
ICC 0104.1,Thursday,10:00 AM,11:00 AM,1
ICC 0104.1,Thursday,11:00 AM,12:00 PM,1
ICC 0104.1,Thursday,12:00 PM,1:00 PM,1
ICC 0104.1,Thursday,1:00 PM,2:00 PM,1
ICC 0104.1,Thursday,2:00 PM,3:00 PM,1
ICC 0104.1,Thursday,3:00 PM,4:00 PM,1
ICC 0104.1,Thursday,4:00 PM,5:00 PM,1
ICC 0104.1,Thursday,5:00 PM,6:00 PM,1
ICC 0104.1,Thursday,6:00 PM,7:00 PM,1
ICC 0104.1,Thursday,7:00 PM,8:00 PM,1
ICC 0104.1,Thursday,8:00 PM,9:00 PM,1
ICC 0104.1,Friday,7:00 AM,8:00 AM,1
ICC 0104.1,Friday,8:00 AM,9:00 AM,1
ICC 0104.1,Friday,9:00 AM,10:00 AM,1
ICC 0104.1,Friday,10:00 AM,11:00 AM,1
ICC 0104.1,Friday,11:00 AM,12:00 PM,1
ICC 0104.1,Friday,12:00 PM,1:00 PM,1
ICC 0104.1,Friday,1:00 PM,2:00 PM,1
ICC 0104.1,Friday,2:00 PM,3:00 PM,1
ICC 0104.1,Friday,3:00 PM,4:00 PM,1
ICC 0104.1,Friday,4:00 PM,5:00 PM,1
ICC 0104.1,Friday,5:00 PM,6:00 PM,1
ICC 0104.1,Friday,6:00 PM,7:00 PM,1
ICC 0104.1,Friday,7:00 PM,8:00 PM,1
ICC 0104.1,Friday,8:00 PM,9:00 PM,1
ICC 0104.1,Saturday,7:00 AM,8:00 AM,1
ICC 0104.1,Saturday,8:00 AM,9:00 AM,1
ICC 0104.1,Saturday,9:00 AM,10:00 AM,1
ICC 0104.1,Saturday,10:00 AM,11:00 AM,1
ICC 0104.1,Saturday,11:00 AM,12:00 PM,1
ICC 0104.1,Saturday,12:00 PM,1:00 PM,1
ICC 0104.1,Saturday,1:00 PM,2:00 PM,1
ICC 0104.1,Saturday,2:00 PM,3:00 PM,1
ICC 0104.1,Saturday,3:00 PM,4:00 PM,1
ICC 0104.1,Saturday,4:00 PM,5:00 PM,1
ICC 0104.1,Saturday,5:00 PM,6:00 PM,1
ICC 0104.1,Saturday,6:00 PM,7:00 PM,1
ICC 0104.1,Saturday,7:00 PM,8:00 PM,1
ICC 0104.1,Saturday,8:00 PM,9:00 PM,1
ICC 0105,Monday,7:00 AM,9:00 AM,2
ICC 0105,Monday,9:00 AM,11:00 AM,2
ICC 0105,Monday,11:00 AM,1:00 PM,2
ICC 0105,Monday,1:00 PM,3:00 PM,2
ICC 0105,Monday,3:00 PM,5:00 PM,2
ICC 0105,Monday,5:00 PM,7:00 PM,2
ICC 0105,Monday,7:00 PM,9:00 PM,2
ICC 0105,Tuesday,7:00 AM,9:00 AM,2
ICC 0105,Tuesday,9:00 AM,11:00 AM,2
ICC 0105,Tuesday,11:00 AM,1:00 PM,2
ICC 0105,Tuesday,1:00 PM,3:00 PM,2
ICC 0105,Tuesday,3:00 PM,5:00 PM,2
ICC 0105,Tuesday,5:00 PM,7:00 PM,2
ICC 0105,Tuesday,7:00 PM,9:00 PM,2
ICC 0105,Wednesday,7:00 AM,9:00 AM,2
ICC 0105,Wednesday,9:00 AM,11:00 AM,2
ICC 0105,Wednesday,11:00 AM,1:00 PM,2
ICC 0105,Wednesday,1:00 PM,3:00 PM,2
ICC 0105,Wednesday,3:00 PM,5:00 PM,2
ICC 0105,Wednesday,5:00 PM,7:00 PM,2
ICC 0105,Wednesday,7:00 PM,9:00 PM,2
ICC 0105,Thursday,7:00 AM,9:00 AM,2
ICC 0105,Thursday,9:00 AM,11:00 AM,2
ICC 0105,Thursday,11:00 AM,1:00 PM,2
ICC 0105,Thursday,1:00 PM,3:00 PM,2
ICC 0105,Thursday,3:00 PM,5:00 PM,2
ICC 0105,Thursday,5:00 PM,7:00 PM,2
ICC 0105,Thursday,7:00 PM,9:00 PM,2
ICC 0105,Friday,7:00 AM,9:00 AM,2
ICC 0105,Friday,9:00 AM,11:00 AM,2
ICC 0105,Friday,11:00 AM,1:00 PM,2
ICC 0105,Friday,1:00 PM,3:00 PM,2
ICC 0105,Friday,3:00 PM,5:00 PM,2
ICC 0105,Friday,5:00 PM,7:00 PM,2
ICC 0105,Friday,7:00 PM,9:00 PM,2
ICC 0105,Saturday,7:00 AM,9:00 AM,2
ICC 0105,Saturday,9:00 AM,11:00 AM,2
ICC 0105,Saturday,11:00 AM,1:00 PM,2
ICC 0105,Saturday,1:00 PM,3:00 PM,2
ICC 0105,Saturday,3:00 PM,5:00 PM,2
ICC 0105,Saturday,5:00 PM,7:00 PM,2
ICC 0105,Saturday,7:00 PM,9:00 PM,2
ICC 0105.1,Monday,7:00 AM,8:00 AM,1
ICC 0105.1,Monday,8:00 AM,9:00 AM,1
ICC 0105.1,Monday,9:00 AM,10:00 AM,1
ICC 0105.1,Monday,10:00 AM,11:00 AM,1
ICC 0105.1,Monday,11:00 AM,12:00 PM,1
ICC 0105.1,Monday,12:00 PM,1:00 PM,1
ICC 0105.1,Monday,1:00 PM,2:00 PM,1
ICC 0105.1,Monday,2:00 PM,3:00 PM,1
ICC 0105.1,Monday,3:00 PM,4:00 PM,1
ICC 0105.1,Monday,4:00 PM,5:00 PM,1
ICC 0105.1,Monday,5:00 PM,6:00 PM,1
ICC 0105.1,Monday,6:00 PM,7:00 PM,1
ICC 0105.1,Monday,7:00 PM,8:00 PM,1
ICC 0105.1,Monday,8:00 PM,9:00 PM,1
ICC 0105.1,Tuesday,7:00 AM,8:00 AM,1
ICC 0105.1,Tuesday,8:00 AM,9:00 AM,1
ICC 0105.1,Tuesday,9:00 AM,10:00 AM,1
ICC 0105.1,Tuesday,10:00 AM,11:00 AM,1
ICC 0105.1,Tuesday,11:00 AM,12:00 PM,1
ICC 0105.1,Tuesday,12:00 PM,1:00 PM,1
ICC 0105.1,Tuesday,1:00 PM,2:00 PM,1
ICC 0105.1,Tuesday,2:00 PM,3:00 PM,1
ICC 0105.1,Tuesday,3:00 PM,4:00 PM,1
ICC 0105.1,Tuesday,4:00 PM,5:00 PM,1
ICC 0105.1,Tuesday,5:00 PM,6:00 PM,1
ICC 0105.1,Tuesday,6:00 PM,7:00 PM,1
ICC 0105.1,Tuesday,7:00 PM,8:00 PM,1
ICC 0105.1,Tuesday,8:00 PM,9:00 PM,1
ICC 0105.1,Wednesday,7:00 AM,8:00 AM,1
ICC 0105.1,Wednesday,8:00 AM,9:00 AM,1
ICC 0105.1,Wednesday,9:00 AM,10:00 AM,1
ICC 0105.1,Wednesday,10:00 AM,11:00 AM,1
ICC 0105.1,Wednesday,11:00 AM,12:00 PM,1
ICC 0105.1,Wednesday,12:00 PM,1:00 PM,1
ICC 0105.1,Wednesday,1:00 PM,2:00 PM,1
ICC 0105.1,Wednesday,2:00 PM,3:00 PM,1
ICC 0105.1,Wednesday,3:00 PM,4:00 PM,1
ICC 0105.1,Wednesday,4:00 PM,5:00 PM,1
ICC 0105.1,Wednesday,5:00 PM,6:00 PM,1
ICC 0105.1,Wednesday,6:00 PM,7:00 PM,1
ICC 0105.1,Wednesday,7:00 PM,8:00 PM,1
ICC 0105.1,Wednesday,8:00 PM,9:00 PM,1
ICC 0105.1,Thursday,7:00 AM,8:00 AM,1
ICC 0105.1,Thursday,8:00 AM,9:00 AM,1
ICC 0105.1,Thursday,9:00 AM,10:00 AM,1
ICC 0105.1,Thursday,10:00 AM,11:00 AM,1
ICC 0105.1,Thursday,11:00 AM,12:00 PM,1
ICC 0105.1,Thursday,12:00 PM,1:00 PM,1
ICC 0105.1,Thursday,1:00 PM,2:00 PM,1
ICC 0105.1,Thursday,2:00 PM,3:00 PM,1
ICC 0105.1,Thursday,3:00 PM,4:00 PM,1
ICC 0105.1,Thursday,4:00 PM,5:00 PM,1
ICC 0105.1,Thursday,5:00 PM,6:00 PM,1
ICC 0105.1,Thursday,6:00 PM,7:00 PM,1
ICC 0105.1,Thursday,7:00 PM,8:00 PM,1
ICC 0105.1,Thursday,8:00 PM,9:00 PM,1
ICC 0105.1,Friday,7:00 AM,8:00 AM,1
ICC 0105.1,Friday,8:00 AM,9:00 AM,1
ICC 0105.1,Friday,9:00 AM,10:00 AM,1
ICC 0105.1,Friday,10:00 AM,11:00 AM,1
ICC 0105.1,Friday,11:00 AM,12:00 PM,1
ICC 0105.1,Friday,12:00 PM,1:00 PM,1
ICC 0105.1,Friday,1:00 PM,2:00 PM,1
ICC 0105.1,Friday,2:00 PM,3:00 PM,1
ICC 0105.1,Friday,3:00 PM,4:00 PM,1
ICC 0105.1,Friday,4:00 PM,5:00 PM,1
ICC 0105.1,Friday,5:00 PM,6:00 PM,1
ICC 0105.1,Friday,6:00 PM,7:00 PM,1
ICC 0105.1,Friday,7:00 PM,8:00 PM,1
ICC 0105.1,Friday,8:00 PM,9:00 PM,1
ICC 0105.1,Saturday,7:00 AM,8:00 AM,1
ICC 0105.1,Saturday,8:00 AM,9:00 AM,1
ICC 0105.1,Saturday,9:00 AM,10:00 AM,1
ICC 0105.1,Saturday,10:00 AM,11:00 AM,1
ICC 0105.1,Saturday,11:00 AM,12:00 PM,1
ICC 0105.1,Saturday,12:00 PM,1:00 PM,1
ICC 0105.1,Saturday,1:00 PM,2:00 PM,1
ICC 0105.1,Saturday,2:00 PM,3:00 PM,1
ICC 0105.1,Saturday,3:00 PM,4:00 PM,1
ICC 0105.1,Saturday,4:00 PM,5:00 PM,1
ICC 0105.1,Saturday,5:00 PM,6:00 PM,1
ICC 0105.1,Saturday,6:00 PM,7:00 PM,1
ICC 0105.1,Saturday,7:00 PM,8:00 PM,1
ICC 0105.1,Saturday,8:00 PM,9:00 PM,1
ICC 0106,Monday,7:00 AM,9:00 AM,2
ICC 0106,Monday,9:00 AM,11:00 AM,2
ICC 0106,Monday,11:00 AM,1:00 PM,2
ICC 0106,Monday,1:00 PM,3:00 PM,2
ICC 0106,Monday,3:00 PM,5:00 PM,2
ICC 0106,Monday,5:00 PM,7:00 PM,2
ICC 0106,Monday,7:00 PM,9:00 PM,2
ICC 0106,Tuesday,7:00 AM,9:00 AM,2
ICC 0106,Tuesday,9:00 AM,11:00 AM,2
ICC 0106,Tuesday,11:00 AM,1:00 PM,2
ICC 0106,Tuesday,1:00 PM,3:00 PM,2
ICC 0106,Tuesday,3:00 PM,5:00 PM,2
ICC 0106,Tuesday,5:00 PM,7:00 PM,2
ICC 0106,Tuesday,7:00 PM,9:00 PM,2
ICC 0106,Wednesday,7:00 AM,9:00 AM,2
ICC 0106,Wednesday,9:00 AM,11:00 AM,2
ICC 0106,Wednesday,11:00 AM,1:00 PM,2
ICC 0106,Wednesday,1:00 PM,3:00 PM,2
ICC 0106,Wednesday,3:00 PM,5:00 PM,2
ICC 0106,Wednesday,5:00 PM,7:00 PM,2
ICC 0106,Wednesday,7:00 PM,9:00 PM,2
ICC 0106,Thursday,7:00 AM,9:00 AM,2
ICC 0106,Thursday,9:00 AM,11:00 AM,2
ICC 0106,Thursday,11:00 AM,1:00 PM,2
ICC 0106,Thursday,1:00 PM,3:00 PM,2
ICC 0106,Thursday,3:00 PM,5:00 PM,2
ICC 0106,Thursday,5:00 PM,7:00 PM,2
ICC 0106,Thursday,7:00 PM,9:00 PM,2
ICC 0106,Friday,7:00 AM,9:00 AM,2
ICC 0106,Friday,9:00 AM,11:00 AM,2
ICC 0106,Friday,11:00 AM,1:00 PM,2
ICC 0106,Friday,1:00 PM,3:00 PM,2
ICC 0106,Friday,3:00 PM,5:00 PM,2
ICC 0106,Friday,5:00 PM,7:00 PM,2
ICC 0106,Friday,7:00 PM,9:00 PM,2
ICC 0106,Saturday,7:00 AM,9:00 AM,2
ICC 0106,Saturday,9:00 AM,11:00 AM,2
ICC 0106,Saturday,11:00 AM,1:00 PM,2
ICC 0106,Saturday,1:00 PM,3:00 PM,2
ICC 0106,Saturday,3:00 PM,5:00 PM,2
ICC 0106,Saturday,5:00 PM,7:00 PM,2
ICC 0106,Saturday,7:00 PM,9:00 PM,2
ICC 0106.1,Monday,7:00 AM,8:00 AM,1
ICC 0106.1,Monday,8:00 AM,9:00 AM,1
ICC 0106.1,Monday,9:00 AM,10:00 AM,1
ICC 0106.1,Monday,10:00 AM,11:00 AM,1
ICC 0106.1,Monday,11:00 AM,12:00 PM,1
ICC 0106.1,Monday,12:00 PM,1:00 PM,1
ICC 0106.1,Monday,1:00 PM,2:00 PM,1
ICC 0106.1,Monday,2:00 PM,3:00 PM,1
ICC 0106.1,Monday,3:00 PM,4:00 PM,1
ICC 0106.1,Monday,4:00 PM,5:00 PM,1
ICC 0106.1,Monday,5:00 PM,6:00 PM,1
ICC 0106.1,Monday,6:00 PM,7:00 PM,1
ICC 0106.1,Monday,7:00 PM,8:00 PM,1
ICC 0106.1,Monday,8:00 PM,9:00 PM,1
ICC 0106.1,Tuesday,7:00 AM,8:00 AM,1
ICC 0106.1,Tuesday,8:00 AM,9:00 AM,1
ICC 0106.1,Tuesday,9:00 AM,10:00 AM,1
ICC 0106.1,Tuesday,10:00 AM,11:00 AM,1
ICC 0106.1,Tuesday,11:00 AM,12:00 PM,1
ICC 0106.1,Tuesday,12:00 PM,1:00 PM,1
ICC 0106.1,Tuesday,1:00 PM,2:00 PM,1
ICC 0106.1,Tuesday,2:00 PM,3:00 PM,1
ICC 0106.1,Tuesday,3:00 PM,4:00 PM,1
ICC 0106.1,Tuesday,4:00 PM,5:00 PM,1
ICC 0106.1,Tuesday,5:00 PM,6:00 PM,1
ICC 0106.1,Tuesday,6:00 PM,7:00 PM,1
ICC 0106.1,Tuesday,7:00 PM,8:00 PM,1
ICC 0106.1,Tuesday,8:00 PM,9:00 PM,1
ICC 0106.1,Wednesday,7:00 AM,8:00 AM,1
ICC 0106.1,Wednesday,8:00 AM,9:00 AM,1
ICC 0106.1,Wednesday,9:00 AM,10:00 AM,1
ICC 0106.1,Wednesday,10:00 AM,11:00 AM,1
ICC 0106.1,Wednesday,11:00 AM,12:00 PM,1
ICC 0106.1,Wednesday,12:00 PM,1:00 PM,1
ICC 0106.1,Wednesday,1:00 PM,2:00 PM,1
ICC 0106.1,Wednesday,2:00 PM,3:00 PM,1
ICC 0106.1,Wednesday,3:00 PM,4:00 PM,1
ICC 0106.1,Wednesday,4:00 PM,5:00 PM,1
ICC 0106.1,Wednesday,5:00 PM,6:00 PM,1
ICC 0106.1,Wednesday,6:00 PM,7:00 PM,1
ICC 0106.1,Wednesday,7:00 PM,8:00 PM,1
ICC 0106.1,Wednesday,8:00 PM,9:00 PM,1
ICC 0106.1,Thursday,7:00 AM,8:00 AM,1
ICC 0106.1,Thursday,8:00 AM,9:00 AM,1
ICC 0106.1,Thursday,9:00 AM,10:00 AM,1
ICC 0106.1,Thursday,10:00 AM,11:00 AM,1
ICC 0106.1,Thursday,11:00 AM,12:00 PM,1
ICC 0106.1,Thursday,12:00 PM,1:00 PM,1
ICC 0106.1,Thursday,1:00 PM,2:00 PM,1
ICC 0106.1,Thursday,2:00 PM,3:00 PM,1
ICC 0106.1,Thursday,3:00 PM,4:00 PM,1
ICC 0106.1,Thursday,4:00 PM,5:00 PM,1
ICC 0106.1,Thursday,5:00 PM,6:00 PM,1
ICC 0106.1,Thursday,6:00 PM,7:00 PM,1
ICC 0106.1,Thursday,7:00 PM,8:00 PM,1
ICC 0106.1,Thursday,8:00 PM,9:00 PM,1
ICC 0106.1,Friday,7:00 AM,8:00 AM,1
ICC 0106.1,Friday,8:00 AM,9:00 AM,1
ICC 0106.1,Friday,9:00 AM,10:00 AM,1
ICC 0106.1,Friday,10:00 AM,11:00 AM,1
ICC 0106.1,Friday,11:00 AM,12:00 PM,1
ICC 0106.1,Friday,12:00 PM,1:00 PM,1
ICC 0106.1,Friday,1:00 PM,2:00 PM,1
ICC 0106.1,Friday,2:00 PM,3:00 PM,1
ICC 0106.1,Friday,3:00 PM,4:00 PM,1
ICC 0106.1,Friday,4:00 PM,5:00 PM,1
ICC 0106.1,Friday,5:00 PM,6:00 PM,1
ICC 0106.1,Friday,6:00 PM,7:00 PM,1
ICC 0106.1,Friday,7:00 PM,8:00 PM,1
ICC 0106.1,Friday,8:00 PM,9:00 PM,1
ICC 0106.1,Saturday,7:00 AM,8:00 AM,1
ICC 0106.1,Saturday,8:00 AM,9:00 AM,1
ICC 0106.1,Saturday,9:00 AM,10:00 AM,1
ICC 0106.1,Saturday,10:00 AM,11:00 AM,1
ICC 0106.1,Saturday,11:00 AM,12:00 PM,1
ICC 0106.1,Saturday,12:00 PM,1:00 PM,1
ICC 0106.1,Saturday,1:00 PM,2:00 PM,1
ICC 0106.1,Saturday,2:00 PM,3:00 PM,1
ICC 0106.1,Saturday,3:00 PM,4:00 PM,1
ICC 0106.1,Saturday,4:00 PM,5:00 PM,1
ICC 0106.1,Saturday,5:00 PM,6:00 PM,1
ICC 0106.1,Saturday,6:00 PM,7:00 PM,1
ICC 0106.1,Saturday,7:00 PM,8:00 PM,1
ICC 0106.1,Saturday,8:00 PM,9:00 PM,1
